use db_car;
SET FOREIGN_KEY_CHECKS = 0;
INSERT INTO dia_chi (tinh, quan, phuong, so_nha) VALUES (N'Tỉnh Hưng Yên', N'Quận Hải Châu', N'Phường Phú Mỹ', N'482 Đường G6');
INSERT INTO dia_chi (tinh, quan, phuong, so_nha) VALUES (N'Tỉnh Bình Dương', N'Quận Bình Thạnh', N'Phường Hòa Cường Bắc', N'149 Đường A2');
INSERT INTO dia_chi (tinh, quan, phuong, so_nha) VALUES (N'Tỉnh Đắk Lắk', N'Quận Tân Bình', N'Phường Điện Biên', N'897 Đường U6');
INSERT INTO dia_chi (tinh, quan, phuong, so_nha) VALUES (N'Tỉnh Gia Lai', N'Thành phố Vũng Tàu', N'Phường Mỹ An', N'48 Đường D4');
INSERT INTO dia_chi (tinh, quan, phuong, so_nha) VALUES (N'Tỉnh Gia Lai', N'Quận Ninh Kiều', N'Phường Phú Mỹ', N'15 Đường G10');
INSERT INTO dia_chi (tinh, quan, phuong, so_nha) VALUES (N'Tỉnh Bà Rịa - Vũng Tàu', N'Quận 1', N'Phường 4', N'221 Đường L8');
INSERT INTO dia_chi (tinh, quan, phuong, so_nha) VALUES (N'Tỉnh Lâm Đồng', N'Quận Gò Vấp', N'Phường Hòa Cường Bắc', N'217 Đường P5');
INSERT INTO dia_chi (tinh, quan, phuong, so_nha) VALUES (N'Thành phố Huế', N'Huyện Gia Lâm', N'Phường Hòa Cường Bắc', N'429 Đường F5');
INSERT INTO dia_chi (tinh, quan, phuong, so_nha) VALUES (N'Thành phố Đà Nẵng', N'Thành phố Dĩ An', N'Phường An Bình', N'621 Đường I5');
INSERT INTO dia_chi (tinh, quan, phuong, so_nha) VALUES (N'Tỉnh Đắk Lắk', N'Thành phố Dĩ An', N'Phường Mỹ An', N'344 Đường U2');
INSERT INTO dia_chi (tinh, quan, phuong, so_nha) VALUES (N'Tỉnh Bắc Ninh', N'Quận Sơn Trà', N'Phường Nghĩa Xá', N'380 Đường S3');
INSERT INTO dia_chi (tinh, quan, phuong, so_nha) VALUES (N'Tỉnh Đắk Lắk', N'Quận Đống Đa', N'Phường Điện Biên', N'194 Đường C10');
INSERT INTO dia_chi (tinh, quan, phuong, so_nha) VALUES (N'Tỉnh Bà Rịa - Vũng Tàu', N'Quận 1', N'Phường Phú Thọ', N'954 Đường Q10');
INSERT INTO dia_chi (tinh, quan, phuong, so_nha) VALUES (N'Thành phố Hồ Chí Minh', N'Quận Bình Thạnh', N'Phường Nghĩa Xá', N'422 Đường B1');
INSERT INTO dia_chi (tinh, quan, phuong, so_nha) VALUES (N'Tỉnh Quảng Nam', N'Huyện Củ Chi', N'Phường Chợ Đuổi', N'272 Đường C10');
INSERT INTO dia_chi (tinh, quan, phuong, so_nha) VALUES (N'Tỉnh Vĩnh Phúc', N'Quận Lê Chân', N'Phường Phú Mỹ', N'899 Đường Z3');
INSERT INTO dia_chi (tinh, quan, phuong, so_nha) VALUES (N'Tỉnh Long An', N'Huyện Củ Chi', N'Phường Điện Biên', N'823 Đường F5');
INSERT INTO dia_chi (tinh, quan, phuong, so_nha) VALUES (N'Tỉnh Thanh Hóa', N'Huyện Củ Chi', N'Phường Bách Khoa', N'172 Đường J6');
INSERT INTO dia_chi (tinh, quan, phuong, so_nha) VALUES (N'Tỉnh Long An', N'Huyện Nhà Bè', N'Phường Nghĩa Xá', N'204 Đường S1');
INSERT INTO dia_chi (tinh, quan, phuong, so_nha) VALUES (N'Tỉnh Đồng Nai', N'Thành phố Dĩ An', N'Phường 4', N'100 Đường N4');
INSERT INTO dia_chi (tinh, quan, phuong, so_nha) VALUES (N'Tỉnh Khánh Hòa', N'Thành phố Dĩ An', N'Phường Phú Mỹ', N'206 Đường T2');
INSERT INTO dia_chi (tinh, quan, phuong, so_nha) VALUES (N'Thành phố Hồ Chí Minh', N'Quận Tân Bình', N'Phường 12', N'880 Đường U6');
INSERT INTO dia_chi (tinh, quan, phuong, so_nha) VALUES (N'Tỉnh Vĩnh Phúc', N'Thành phố Vũng Tàu', N'Phường Bến Nghé', N'212 Đường Y1');
INSERT INTO dia_chi (tinh, quan, phuong, so_nha) VALUES (N'Thành phố Huế', N'Huyện Củ Chi', N'Phường 4', N'508 Đường B10');
INSERT INTO dia_chi (tinh, quan, phuong, so_nha) VALUES (N'Tỉnh Bắc Ninh', N'Quận 1', N'Phường Thống Nhất', N'313 Đường H5');
INSERT INTO dia_chi (tinh, quan, phuong, so_nha) VALUES (N'Tỉnh Gia Lai', N'Quận Ninh Kiều', N'Phường Chợ Đuổi', N'712 Đường I3');
INSERT INTO dia_chi (tinh, quan, phuong, so_nha) VALUES (N'Tỉnh Thanh Hóa', N'Huyện Củ Chi', N'Phường 4', N'205 Đường S2');
INSERT INTO dia_chi (tinh, quan, phuong, so_nha) VALUES (N'Tỉnh Quảng Nam', N'Huyện Củ Chi', N'Phường Chợ Đuổi', N'844 Đường D5');
INSERT INTO dia_chi (tinh, quan, phuong, so_nha) VALUES (N'Tỉnh Bắc Ninh', N'Huyện Nhà Bè', N'Phường Nghĩa Xá', N'41 Đường I3');
INSERT INTO dia_chi (tinh, quan, phuong, so_nha) VALUES (N'Tỉnh Lâm Đồng', N'Quận Gò Vấp', N'Phường Mỹ An', N'977 Đường Z9');
INSERT INTO dia_chi (tinh, quan, phuong, so_nha) VALUES (N'Tỉnh Quảng Nam', N'Huyện Gia Lâm', N'Phường Bến Nghé', N'829 Đường E10');
INSERT INTO dia_chi (tinh, quan, phuong, so_nha) VALUES (N'Tỉnh Đắk Lắk', N'Thành phố Vũng Tàu', N'Phường An Bình', N'186 Đường R1');
INSERT INTO dia_chi (tinh, quan, phuong, so_nha) VALUES (N'Tỉnh Gia Lai', N'Thành phố Thủ Đức', N'Phường Phú Thọ', N'166 Đường L2');
INSERT INTO dia_chi (tinh, quan, phuong, so_nha) VALUES (N'Tỉnh Bình Dương', N'Quận Tân Bình', N'Phường Phú Thọ', N'927 Đường A4');
INSERT INTO dia_chi (tinh, quan, phuong, so_nha) VALUES (N'Tỉnh Bình Dương', N'Quận Lê Chân', N'Phường Chợ Đuổi', N'596 Đường I2');
INSERT INTO dia_chi (tinh, quan, phuong, so_nha) VALUES (N'Tỉnh Bắc Ninh', N'Quận Hải Châu', N'Phường 4', N'570 Đường H4');
INSERT INTO dia_chi (tinh, quan, phuong, so_nha) VALUES (N'Tỉnh Lâm Đồng', N'Quận Lê Chân', N'Phường Mỹ An', N'984 Đường Z7');
INSERT INTO dia_chi (tinh, quan, phuong, so_nha) VALUES (N'Tỉnh Vĩnh Phúc', N'Huyện Gia Lâm', N'Phường An Bình', N'366 Đường A4');
INSERT INTO dia_chi (tinh, quan, phuong, so_nha) VALUES (N'Tỉnh Quảng Nam', N'Quận Gò Vấp', N'Phường Xuân Khánh', N'833 Đường B10');
INSERT INTO dia_chi (tinh, quan, phuong, so_nha) VALUES (N'Tỉnh Quảng Nam', N'Quận Gò Vấp', N'Phường Điện Biên', N'896 Đường N8');
INSERT INTO dia_chi (tinh, quan, phuong, so_nha) VALUES (N'Tỉnh Khánh Hòa', N'Quận Đống Đa', N'Phường An Bình', N'551 Đường U2');
INSERT INTO dia_chi (tinh, quan, phuong, so_nha) VALUES (N'Tỉnh Long An', N'Thành phố Vũng Tàu', N'Phường Phước Ninh', N'972 Đường I1');
INSERT INTO dia_chi (tinh, quan, phuong, so_nha) VALUES (N'Thành phố Hải Phòng', N'Thành phố Vũng Tàu', N'Phường Chợ Đuổi', N'668 Đường H4');
INSERT INTO dia_chi (tinh, quan, phuong, so_nha) VALUES (N'Tỉnh Vĩnh Phúc', N'Quận Gò Vấp', N'Phường Hòa Cường Bắc', N'710 Đường L3');
INSERT INTO dia_chi (tinh, quan, phuong, so_nha) VALUES (N'Thành phố Hồ Chí Minh', N'Thành phố Dĩ An', N'Phường 6', N'373 Đường L6');
INSERT INTO dia_chi (tinh, quan, phuong, so_nha) VALUES (N'Thành phố Hồ Chí Minh', N'Quận Gò Vấp', N'Phường Mỹ An', N'424 Đường S1');
INSERT INTO dia_chi (tinh, quan, phuong, so_nha) VALUES (N'Tỉnh Lâm Đồng', N'Quận Hải Châu', N'Phường Chợ Đuổi', N'171 Đường I7');
INSERT INTO dia_chi (tinh, quan, phuong, so_nha) VALUES (N'Thành phố Cần Thơ', N'Quận 1', N'Phường Phú Mỹ', N'134 Đường C1');
INSERT INTO dia_chi (tinh, quan, phuong, so_nha) VALUES (N'Thành phố Cần Thơ', N'Quận Lê Chân', N'Phường An Bình', N'594 Đường J9');
INSERT INTO dia_chi (tinh, quan, phuong, so_nha) VALUES (N'Tỉnh Đắk Lắk', N'Quận Ninh Kiều', N'Phường Xuân Khánh', N'425 Đường H5');
INSERT INTO thanh_vien (id, username, password, ho_ten, sdt, email, dia_chi_id) VALUES ('TV001', 'đặng_cẩm_cường_1', 'pass159Đặn', N'Đặng Cẩm Cường', '0935456139', 'đặng_cẩm_cường_137@example.com', 29);
INSERT INTO thanh_vien (id, username, password, ho_ten, sdt, email, dia_chi_id) VALUES ('TV002', 'hoàng_anh_yên_2', 'pass834Hoà', N'Hoàng Anh Yên', '0911442559', 'hoàng_anh_yên_210@example.com', 26);
INSERT INTO thanh_vien (id, username, password, ho_ten, sdt, email, dia_chi_id) VALUES ('TV003', 'lý_anh_châu_3', 'pass679Lý ', N'Lý Anh Châu', '0949665818', 'lý_anh_châu_315@example.com', 27);
INSERT INTO thanh_vien (id, username, password, ho_ten, sdt, email, dia_chi_id) VALUES ('TV004', 'hoàng_linh_hải_4', 'pass172Hoà', N'Hoàng Linh Hải', '0996701794', 'hoàng_linh_hải_425@example.com', 9);
INSERT INTO thanh_vien (id, username, password, ho_ten, sdt, email, dia_chi_id) VALUES ('TV005', 'huỳnh_mỹ_mai_5', 'pass202Huỳ', N'Huỳnh Mỹ Mai', '0903669229', 'huỳnh_mỹ_mai_571@example.com', 27);
INSERT INTO thanh_vien (id, username, password, ho_ten, sdt, email, dia_chi_id) VALUES ('TV006', 'phan_anh_lan_6', 'pass624Pha', N'Phan Anh Lan', '0985001632', 'phan_anh_lan_669@example.com', 19);
INSERT INTO thanh_vien (id, username, password, ho_ten, sdt, email, dia_chi_id) VALUES ('TV007', 'bùi_duy_bình_7', 'pass382Bùi', N'Bùi Duy Bình', '0908604465', 'bùi_duy_bình_754@example.com', 19);
INSERT INTO thanh_vien (id, username, password, ho_ten, sdt, email, dia_chi_id) VALUES ('TV008', 'nguyễn_xuân_tùng_8', 'pass634Ngu', N'Nguyễn Xuân Tùng', '0980711973', 'nguyễn_xuân_tùng_821@example.com', 40);
INSERT INTO thanh_vien (id, username, password, ho_ten, sdt, email, dia_chi_id) VALUES ('TV009', 'trương_khánh_vinh_9', 'pass225Trư', N'Trương Khánh Vinh', '0951723166', 'trương_khánh_vinh_91@example.com', 40);
INSERT INTO thanh_vien (id, username, password, ho_ten, sdt, email, dia_chi_id) VALUES ('TV010', 'lý_vân_dương_10', 'pass854Lý ', N'Lý Vân Dương', '0985123554', 'lý_vân_dương_1078@example.com', 29);
INSERT INTO thanh_vien (id, username, password, ho_ten, sdt, email, dia_chi_id) VALUES ('TV011', 'ngô_vân_quý_11', 'pass549Ngô', N'Ngô Vân Quý', '0951431434', 'ngô_vân_quý_1142@example.com', 35);
INSERT INTO thanh_vien (id, username, password, ho_ten, sdt, email, dia_chi_id) VALUES ('TV012', 'đỗ_duy_uyên_12', 'pass986Đỗ ', N'Đỗ Duy Uyên', '0951647217', 'đỗ_duy_uyên_1229@example.com', 49);
INSERT INTO thanh_vien (id, username, password, ho_ten, sdt, email, dia_chi_id) VALUES ('TV013', 'huỳnh_duy_tùng_13', 'pass448Huỳ', N'Huỳnh Duy Tùng', '0995363357', 'huỳnh_duy_tùng_1343@example.com', 13);
INSERT INTO thanh_vien (id, username, password, ho_ten, sdt, email, dia_chi_id) VALUES ('TV014', 'trương_quốc_ngân_14', 'pass783Trư', N'Trương Quốc Ngân', '0937101832', 'trương_quốc_ngân_1468@example.com', 36);
INSERT INTO thanh_vien (id, username, password, ho_ten, sdt, email, dia_chi_id) VALUES ('TV015', 'hoàng_thu_hải_15', 'pass258Hoà', N'Hoàng Thu Hải', '0917601298', 'hoàng_thu_hải_1597@example.com', 31);
INSERT INTO thanh_vien (id, username, password, ho_ten, sdt, email, dia_chi_id) VALUES ('TV016', 'ngô_quốc_uyên_16', 'pass402Ngô', N'Ngô Quốc Uyên', '0989146230', 'ngô_quốc_uyên_1615@example.com', 11);
INSERT INTO thanh_vien (id, username, password, ho_ten, sdt, email, dia_chi_id) VALUES ('TV017', 'vũ_hoàng_phú_17', 'pass982Vũ ', N'Vũ Hoàng Phú', '0939369761', 'vũ_hoàng_phú_172@example.com', 14);
INSERT INTO thanh_vien (id, username, password, ho_ten, sdt, email, dia_chi_id) VALUES ('TV018', 'lâm_văn_hương_18', 'pass689Lâm', N'Lâm Văn Hương', '0911875406', 'lâm_văn_hương_1816@example.com', 36);
INSERT INTO thanh_vien (id, username, password, ho_ten, sdt, email, dia_chi_id) VALUES ('TV019', 'bùi_khánh_dương_19', 'pass441Bùi', N'Bùi Khánh Dương', '0956790743', 'bùi_khánh_dương_1919@example.com', 21);
INSERT INTO thanh_vien (id, username, password, ho_ten, sdt, email, dia_chi_id) VALUES ('TV020', 'phan_ngọc_châu_20', 'pass176Pha', N'Phan Ngọc Châu', '0917905150', 'phan_ngọc_châu_2039@example.com', 39);
INSERT INTO thanh_vien (id, username, password, ho_ten, sdt, email, dia_chi_id) VALUES ('TV021', 'đinh_duy_châu_21', 'pass535Đin', N'Đinh Duy Châu', '0981529036', 'đinh_duy_châu_2195@example.com', 50);
INSERT INTO thanh_vien (id, username, password, ho_ten, sdt, email, dia_chi_id) VALUES ('TV022', 'đỗ_hồng_vinh_22', 'pass435Đỗ ', N'Đỗ Hồng Vinh', '0971142047', 'đỗ_hồng_vinh_2223@example.com', 26);
INSERT INTO thanh_vien (id, username, password, ho_ten, sdt, email, dia_chi_id) VALUES ('TV023', 'võ_linh_hương_23', 'pass759Võ ', N'Võ Linh Hương', '0978653962', 'võ_linh_hương_2345@example.com', 37);
INSERT INTO thanh_vien (id, username, password, ho_ten, sdt, email, dia_chi_id) VALUES ('TV024', 'phạm_cẩm_an_24', 'pass728Phạ', N'Phạm Cẩm An', '0936286267', 'phạm_cẩm_an_249@example.com', 5);
INSERT INTO thanh_vien (id, username, password, ho_ten, sdt, email, dia_chi_id) VALUES ('TV025', 'lê_hồng_dương_25', 'pass795Lê ', N'Lê Hồng Dương', '0913848716', 'lê_hồng_dương_2568@example.com', 41);
INSERT INTO thanh_vien (id, username, password, ho_ten, sdt, email, dia_chi_id) VALUES ('TV026', 'hồ_tuấn_ngân_26', 'pass357Hồ ', N'Hồ Tuấn Ngân', '0979187368', 'hồ_tuấn_ngân_2660@example.com', 47);
INSERT INTO thanh_vien (id, username, password, ho_ten, sdt, email, dia_chi_id) VALUES ('TV027', 'hồ_khánh_an_27', 'pass125Hồ ', N'Hồ Khánh An', '0938297821', 'hồ_khánh_an_2793@example.com', 6);
INSERT INTO thanh_vien (id, username, password, ho_ten, sdt, email, dia_chi_id) VALUES ('TV028', 'nguyễn_ngọc_mai_28', 'pass431Ngu', N'Nguyễn Ngọc Mai', '0916656889', 'nguyễn_ngọc_mai_2843@example.com', 39);
INSERT INTO thanh_vien (id, username, password, ho_ten, sdt, email, dia_chi_id) VALUES ('TV029', 'trần_linh_châu_29', 'pass737Trầ', N'Trần Linh Châu', '0949647015', 'trần_linh_châu_2973@example.com', 34);
INSERT INTO thanh_vien (id, username, password, ho_ten, sdt, email, dia_chi_id) VALUES ('TV030', 'đinh_thu_phú_30', 'pass104Đin', N'Đinh Thu Phú', '0913229301', 'đinh_thu_phú_3019@example.com', 47);
INSERT INTO thanh_vien (id, username, password, ho_ten, sdt, email, dia_chi_id) VALUES ('TV031', 'lê_thị_tùng_31', 'pass625Lê ', N'Lê Thị Tùng', '0971175751', 'lê_thị_tùng_315@example.com', 36);
INSERT INTO thanh_vien (id, username, password, ho_ten, sdt, email, dia_chi_id) VALUES ('TV032', 'đặng_duy_bình_32', 'pass800Đặn', N'Đặng Duy Bình', '0921088779', 'đặng_duy_bình_3214@example.com', 1);
INSERT INTO thanh_vien (id, username, password, ho_ten, sdt, email, dia_chi_id) VALUES ('TV033', 'nguyễn_thu_trâm_33', 'pass785Ngu', N'Nguyễn Thu Trâm', '0991687177', 'nguyễn_thu_trâm_3367@example.com', 18);
INSERT INTO thanh_vien (id, username, password, ho_ten, sdt, email, dia_chi_id) VALUES ('TV034', 'phạm_thu_quý_34', 'pass679Phạ', N'Phạm Thu Quý', '0940353459', 'phạm_thu_quý_341@example.com', 34);
INSERT INTO thanh_vien (id, username, password, ho_ten, sdt, email, dia_chi_id) VALUES ('TV035', 'hoàng_thị_khoa_35', 'pass348Hoà', N'Hoàng Thị Khoa', '0970711171', 'hoàng_thị_khoa_3524@example.com', 45);
INSERT INTO thanh_vien (id, username, password, ho_ten, sdt, email, dia_chi_id) VALUES ('TV036', 'đỗ_thu_cường_36', 'pass882Đỗ ', N'Đỗ Thu Cường', '0963145017', 'đỗ_thu_cường_3631@example.com', 42);
INSERT INTO thanh_vien (id, username, password, ho_ten, sdt, email, dia_chi_id) VALUES ('TV037', 'phan_vân_châu_37', 'pass777Pha', N'Phan Vân Châu', '0921996069', 'phan_vân_châu_3776@example.com', 8);
INSERT INTO thanh_vien (id, username, password, ho_ten, sdt, email, dia_chi_id) VALUES ('TV038', 'đào_xuân_sơn_38', 'pass811Đào', N'Đào Xuân Sơn', '0976044737', 'đào_xuân_sơn_3817@example.com', 32);
INSERT INTO thanh_vien (id, username, password, ho_ten, sdt, email, dia_chi_id) VALUES ('TV039', 'hoàng_hoàng_lan_39', 'pass735Hoà', N'Hoàng Hoàng Lan', '0900552365', 'hoàng_hoàng_lan_3918@example.com', 16);
INSERT INTO thanh_vien (id, username, password, ho_ten, sdt, email, dia_chi_id) VALUES ('TV040', 'huỳnh_mỹ_lan_40', 'pass180Huỳ', N'Huỳnh Mỹ Lan', '0991381009', 'huỳnh_mỹ_lan_4074@example.com', 8);
INSERT INTO thanh_vien (id, username, password, ho_ten, sdt, email, dia_chi_id) VALUES ('TV041', 'lý_quốc_mai_41', 'pass730Lý ', N'Lý Quốc Mai', '0966982895', 'lý_quốc_mai_4192@example.com', 1);
INSERT INTO thanh_vien (id, username, password, ho_ten, sdt, email, dia_chi_id) VALUES ('TV042', 'phan_duy_yên_42', 'pass391Pha', N'Phan Duy Yên', '0949362206', 'phan_duy_yên_4220@example.com', 34);
INSERT INTO thanh_vien (id, username, password, ho_ten, sdt, email, dia_chi_id) VALUES ('TV043', 'dương_xuân_châu_43', 'pass944Dươ', N'Dương Xuân Châu', '0972879969', 'dương_xuân_châu_4385@example.com', 38);
INSERT INTO thanh_vien (id, username, password, ho_ten, sdt, email, dia_chi_id) VALUES ('TV044', 'phan_thanh_tùng_44', 'pass867Pha', N'Phan Thanh Tùng', '0965076596', 'phan_thanh_tùng_4429@example.com', 2);
INSERT INTO thanh_vien (id, username, password, ho_ten, sdt, email, dia_chi_id) VALUES ('TV045', 'phan_khánh_trâm_45', 'pass499Pha', N'Phan Khánh Trâm', '0941030440', 'phan_khánh_trâm_45100@example.com', 24);
INSERT INTO thanh_vien (id, username, password, ho_ten, sdt, email, dia_chi_id) VALUES ('TV046', 'đặng_anh_sơn_46', 'pass834Đặn', N'Đặng Anh Sơn', '0945879879', 'đặng_anh_sơn_4616@example.com', 46);
INSERT INTO thanh_vien (id, username, password, ho_ten, sdt, email, dia_chi_id) VALUES ('TV047', 'đỗ_minh_sơn_47', 'pass506Đỗ ', N'Đỗ Minh Sơn', '0989631455', 'đỗ_minh_sơn_471@example.com', 44);
INSERT INTO thanh_vien (id, username, password, ho_ten, sdt, email, dia_chi_id) VALUES ('TV048', 'phan_linh_quý_48', 'pass116Pha', N'Phan Linh Quý', '0919618315', 'phan_linh_quý_4810@example.com', 48);
INSERT INTO thanh_vien (id, username, password, ho_ten, sdt, email, dia_chi_id) VALUES ('TV049', 'bùi_bích_ngân_49', 'pass801Bùi', N'Bùi Bích Ngân', '0975231598', 'bùi_bích_ngân_4979@example.com', 29);
INSERT INTO thanh_vien (id, username, password, ho_ten, sdt, email, dia_chi_id) VALUES ('TV050', 'bùi_duy_an_50', 'pass495Bùi', N'Bùi Duy An', '0966752894', 'bùi_duy_an_5025@example.com', 14);
INSERT INTO quan_ly (id) VALUES ('TV001');
INSERT INTO quan_ly (id) VALUES ('TV035');
INSERT INTO quan_ly (id) VALUES ('TV015');
INSERT INTO quan_ly (id) VALUES ('TV003');
INSERT INTO quan_ly (id) VALUES ('TV039');
INSERT INTO nhan_vien (id) VALUES ('TV048');
INSERT INTO nhan_vien (id) VALUES ('TV014');
INSERT INTO nhan_vien (id) VALUES ('TV044');
INSERT INTO nhan_vien (id) VALUES ('TV006');
INSERT INTO nhan_vien (id) VALUES ('TV049');
INSERT INTO nhan_vien (id) VALUES ('TV021');
INSERT INTO nhan_vien (id) VALUES ('TV004');
INSERT INTO nhan_vien (id) VALUES ('TV027');
INSERT INTO nhan_vien (id) VALUES ('TV041');
INSERT INTO nhan_vien (id) VALUES ('TV038');
INSERT INTO khach_hang (id) VALUES ('TV050');
INSERT INTO khach_hang (id) VALUES ('TV005');
INSERT INTO khach_hang (id) VALUES ('TV010');
INSERT INTO khach_hang (id) VALUES ('TV030');
INSERT INTO khach_hang (id) VALUES ('TV043');
INSERT INTO khach_hang (id) VALUES ('TV046');
INSERT INTO khach_hang (id) VALUES ('TV034');
INSERT INTO khach_hang (id) VALUES ('TV022');
INSERT INTO khach_hang (id) VALUES ('TV002');
INSERT INTO khach_hang (id) VALUES ('TV028');
INSERT INTO khach_hang (id) VALUES ('TV024');
INSERT INTO khach_hang (id) VALUES ('TV029');
INSERT INTO khach_hang (id) VALUES ('TV008');
INSERT INTO khach_hang (id) VALUES ('TV045');
INSERT INTO khach_hang (id) VALUES ('TV047');
INSERT INTO khach_hang (id) VALUES ('TV026');
INSERT INTO khach_hang (id) VALUES ('TV032');
INSERT INTO khach_hang (id) VALUES ('TV012');
INSERT INTO khach_hang (id) VALUES ('TV031');
INSERT INTO khach_hang (id) VALUES ('TV017');
INSERT INTO khach_hang (id) VALUES ('TV019');
INSERT INTO khach_hang (id) VALUES ('TV016');
INSERT INTO khach_hang (id) VALUES ('TV020');
INSERT INTO khach_hang (id) VALUES ('TV009');
INSERT INTO khach_hang (id) VALUES ('TV018');
INSERT INTO doi_tac (id) VALUES ('TV040');
INSERT INTO doi_tac (id) VALUES ('TV007');
INSERT INTO doi_tac (id) VALUES ('TV013');
INSERT INTO doi_tac (id) VALUES ('TV037');
INSERT INTO doi_tac (id) VALUES ('TV042');
INSERT INTO doi_tac (id) VALUES ('TV033');
INSERT INTO doi_tac (id) VALUES ('TV011');
INSERT INTO doi_tac (id) VALUES ('TV025');
INSERT INTO doi_tac (id) VALUES ('TV036');
INSERT INTO doi_tac (id) VALUES ('TV023');
INSERT INTO hang_xe (ten, mo_ta) VALUES (N'Toyota', N'Hãng xe hơi Nhật Bản nổi tiếng với độ bền và tiết kiệm nhiên liệu.');
INSERT INTO hang_xe (ten, mo_ta) VALUES (N'Honda', N'Hãng xe hơi Nhật Bản, đa dạng mẫu mã từ sedan đến SUV.');
INSERT INTO hang_xe (ten, mo_ta) VALUES (N'Mercedes-Benz', N'Thương hiệu xe sang của Đức, biểu tượng của sự sang trọng và công nghệ.');
INSERT INTO hang_xe (ten, mo_ta) VALUES (N'BMW', N'Hãng xe hơi Đức, nổi bật với khả năng vận hành thể thao và thiết kế đẳng cấp.');
INSERT INTO hang_xe (ten, mo_ta) VALUES (N'Hyundai', N'Hãng xe Hàn Quốc, đa dạng mẫu mã, giá cả phải chăng.');
INSERT INTO hang_xe (ten, mo_ta) VALUES (N'Kia', N'Hãng xe Hàn Quốc, thiết kế trẻ trung, nhiều tính năng hiện đại.');
INSERT INTO hang_xe (ten, mo_ta) VALUES (N'Ford', N'Hãng xe Mỹ, nổi tiếng với xe bán tải và SUV.');
INSERT INTO hang_xe (ten, mo_ta) VALUES (N'Mazda', N'Hãng xe Nhật Bản, thiết kế KODO và công nghệ SkyActiv.');
INSERT INTO hang_xe (ten, mo_ta) VALUES (N'VinFast', N'Hãng xe Việt Nam, sản xuất xe điện và xe xăng.');
INSERT INTO hang_xe (ten, mo_ta) VALUES (N'Audi', N'Thương hiệu xe sang của Đức, thiết kế tinh tế và công nghệ tiên tiến.');
INSERT INTO mau_xe (ten, so_ghe, mo_ta, hang_xe_id) VALUES (N'A3 2016', 5, N'Mẫu xe phổ biến, được ưa chuộng.', 10);
INSERT INTO mau_xe (ten, so_ghe, mo_ta, hang_xe_id) VALUES (N'HR-V 2018', 4, N'Mẫu xe phổ biến, được ưa chuộng.', 2);
INSERT INTO mau_xe (ten, so_ghe, mo_ta, hang_xe_id) VALUES (N'Sonet 2017', 4, N'Mẫu xe phổ biến, được ưa chuộng.', 6);
INSERT INTO mau_xe (ten, so_ghe, mo_ta, hang_xe_id) VALUES (N'A3 2018', 5, N'Mẫu xe phổ biến, được ưa chuộng.', 10);
INSERT INTO mau_xe (ten, so_ghe, mo_ta, hang_xe_id) VALUES (N'Morning 2019', 5, N'Mẫu xe phổ biến, được ưa chuộng.', 6);
INSERT INTO mau_xe (ten, so_ghe, mo_ta, hang_xe_id) VALUES (N'Mazda 6 2021', 4, N'Mẫu xe phổ biến, được ưa chuộng.', 8);
INSERT INTO mau_xe (ten, so_ghe, mo_ta, hang_xe_id) VALUES (N'Elantra 2015', 4, N'Mẫu xe phổ biến, được ưa chuộng.', 5);
INSERT INTO mau_xe (ten, so_ghe, mo_ta, hang_xe_id) VALUES (N'VF 9 2022', 5, N'Mẫu xe phổ biến, được ưa chuộng.', 9);
INSERT INTO mau_xe (ten, so_ghe, mo_ta, hang_xe_id) VALUES (N'Transit 2018', 5, N'Mẫu xe phổ biến, được ưa chuộng.', 7);
INSERT INTO mau_xe (ten, so_ghe, mo_ta, hang_xe_id) VALUES (N'Sportage 2020', 4, N'Mẫu xe phổ biến, được ưa chuộng.', 6);
INSERT INTO mau_xe (ten, so_ghe, mo_ta, hang_xe_id) VALUES (N'5 Series 2019', 5, N'Mẫu xe phổ biến, được ưa chuộng.', 4);
INSERT INTO mau_xe (ten, so_ghe, mo_ta, hang_xe_id) VALUES (N'Mazda 3 2024', 4, N'Mẫu xe phổ biến, được ưa chuộng.', 8);
INSERT INTO mau_xe (ten, so_ghe, mo_ta, hang_xe_id) VALUES (N'Corolla Cross 2016', 5, N'Mẫu xe phổ biến, được ưa chuộng.', 1);
INSERT INTO mau_xe (ten, so_ghe, mo_ta, hang_xe_id) VALUES (N'City 2021', 4, N'Mẫu xe phổ biến, được ưa chuộng.', 2);
INSERT INTO mau_xe (ten, so_ghe, mo_ta, hang_xe_id) VALUES (N'Q7 2022', 4, N'Mẫu xe phổ biến, được ưa chuộng.', 10);
INSERT INTO mau_xe (ten, so_ghe, mo_ta, hang_xe_id) VALUES (N'BR-V 2017', 5, N'Mẫu xe phổ biến, được ưa chuộng.', 2);
INSERT INTO mau_xe (ten, so_ghe, mo_ta, hang_xe_id) VALUES (N'Z4 2019', 5, N'Mẫu xe phổ biến, được ưa chuộng.', 4);
INSERT INTO mau_xe (ten, so_ghe, mo_ta, hang_xe_id) VALUES (N'Accord 2018', 5, N'Mẫu xe phổ biến, được ưa chuộng.', 2);
INSERT INTO mau_xe (ten, so_ghe, mo_ta, hang_xe_id) VALUES (N'X5 2017', 4, N'Mẫu xe phổ biến, được ưa chuộng.', 4);
INSERT INTO mau_xe (ten, so_ghe, mo_ta, hang_xe_id) VALUES (N'A4 2021', 5, N'Mẫu xe phổ biến, được ưa chuộng.', 10);
INSERT INTO mau_xe (ten, so_ghe, mo_ta, hang_xe_id) VALUES (N'A8 2020', 5, N'Mẫu xe phổ biến, được ưa chuộng.', 10);
INSERT INTO mau_xe (ten, so_ghe, mo_ta, hang_xe_id) VALUES (N'Kona 2022', 4, N'Mẫu xe phổ biến, được ưa chuộng.', 5);
INSERT INTO mau_xe (ten, so_ghe, mo_ta, hang_xe_id) VALUES (N'Sonet 2024', 4, N'Mẫu xe phổ biến, được ưa chuộng.', 6);
INSERT INTO mau_xe (ten, so_ghe, mo_ta, hang_xe_id) VALUES (N'Focus 2016', 5, N'Mẫu xe phổ biến, được ưa chuộng.', 7);
INSERT INTO mau_xe (ten, so_ghe, mo_ta, hang_xe_id) VALUES (N'Camry 2019', 4, N'Mẫu xe phổ biến, được ưa chuộng.', 1);
INSERT INTO mau_xe (ten, so_ghe, mo_ta, hang_xe_id) VALUES (N'Accent 2022', 4, N'Mẫu xe phổ biến, được ưa chuộng.', 5);
INSERT INTO mau_xe (ten, so_ghe, mo_ta, hang_xe_id) VALUES (N'Accord 2015', 4, N'Mẫu xe phổ biến, được ưa chuộng.', 2);
INSERT INTO mau_xe (ten, so_ghe, mo_ta, hang_xe_id) VALUES (N'5 Series 2015', 4, N'Mẫu xe phổ biến, được ưa chuộng.', 4);
INSERT INTO mau_xe (ten, so_ghe, mo_ta, hang_xe_id) VALUES (N'Everest 2022', 4, N'Mẫu xe phổ biến, được ưa chuộng.', 7);
INSERT INTO mau_xe (ten, so_ghe, mo_ta, hang_xe_id) VALUES (N'X7 2024', 4, N'Mẫu xe phổ biến, được ưa chuộng.', 4);
INSERT INTO mau_xe (ten, so_ghe, mo_ta, hang_xe_id) VALUES (N'Sportage 2020', 4, N'Mẫu xe phổ biến, được ưa chuộng.', 6);
INSERT INTO mau_xe (ten, so_ghe, mo_ta, hang_xe_id) VALUES (N'X3 2020', 4, N'Mẫu xe phổ biến, được ưa chuộng.', 4);
INSERT INTO mau_xe (ten, so_ghe, mo_ta, hang_xe_id) VALUES (N'Lux SA2.0 2017', 4, N'Mẫu xe phổ biến, được ưa chuộng.', 9);
INSERT INTO mau_xe (ten, so_ghe, mo_ta, hang_xe_id) VALUES (N'Fadil 2023', 5, N'Mẫu xe phổ biến, được ưa chuộng.', 9);
INSERT INTO mau_xe (ten, so_ghe, mo_ta, hang_xe_id) VALUES (N'3 Series 2021', 5, N'Mẫu xe phổ biến, được ưa chuộng.', 4);
INSERT INTO mau_xe (ten, so_ghe, mo_ta, hang_xe_id) VALUES (N'CX-5 2020', 5, N'Mẫu xe phổ biến, được ưa chuộng.', 8);
INSERT INTO mau_xe (ten, so_ghe, mo_ta, hang_xe_id) VALUES (N'X7 2018', 5, N'Mẫu xe phổ biến, được ưa chuộng.', 4);
INSERT INTO mau_xe (ten, so_ghe, mo_ta, hang_xe_id) VALUES (N'Corolla Cross 2022', 4, N'Mẫu xe phổ biến, được ưa chuộng.', 1);
INSERT INTO mau_xe (ten, so_ghe, mo_ta, hang_xe_id) VALUES (N'7 Series 2019', 4, N'Mẫu xe phổ biến, được ưa chuộng.', 4);
INSERT INTO mau_xe (ten, so_ghe, mo_ta, hang_xe_id) VALUES (N'Creta 2021', 5, N'Mẫu xe phổ biến, được ưa chuộng.', 5);
INSERT INTO mau_xe (ten, so_ghe, mo_ta, hang_xe_id) VALUES (N'A-Class 2024', 5, N'Mẫu xe phổ biến, được ưa chuộng.', 3);
INSERT INTO mau_xe (ten, so_ghe, mo_ta, hang_xe_id) VALUES (N'Carnival 2020', 5, N'Mẫu xe phổ biến, được ưa chuộng.', 6);
INSERT INTO mau_xe (ten, so_ghe, mo_ta, hang_xe_id) VALUES (N'A4 2016', 4, N'Mẫu xe phổ biến, được ưa chuộng.', 10);
INSERT INTO mau_xe (ten, so_ghe, mo_ta, hang_xe_id) VALUES (N'Sportage 2024', 4, N'Mẫu xe phổ biến, được ưa chuộng.', 6);
INSERT INTO mau_xe (ten, so_ghe, mo_ta, hang_xe_id) VALUES (N'Accord 2017', 5, N'Mẫu xe phổ biến, được ưa chuộng.', 2);
INSERT INTO mau_xe (ten, so_ghe, mo_ta, hang_xe_id) VALUES (N'Carnival 2022', 4, N'Mẫu xe phổ biến, được ưa chuộng.', 6);
INSERT INTO mau_xe (ten, so_ghe, mo_ta, hang_xe_id) VALUES (N'Mazda 2 2018', 5, N'Mẫu xe phổ biến, được ưa chuộng.', 8);
INSERT INTO mau_xe (ten, so_ghe, mo_ta, hang_xe_id) VALUES (N'Yaris 2020', 5, N'Mẫu xe phổ biến, được ưa chuộng.', 1);
INSERT INTO mau_xe (ten, so_ghe, mo_ta, hang_xe_id) VALUES (N'Q7 2021', 5, N'Mẫu xe phổ biến, được ưa chuộng.', 10);
INSERT INTO mau_xe (ten, so_ghe, mo_ta, hang_xe_id) VALUES (N'Kona 2016', 4, N'Mẫu xe phổ biến, được ưa chuộng.', 5);
INSERT INTO tien_nghi (ten, mo_ta) VALUES (N'Camera lùi', N'Giúp quan sát phía sau xe khi lùi.');
INSERT INTO tien_nghi (ten, mo_ta) VALUES (N'Cảm biến va chạm', N'Cảnh báo chướng ngại vật xung quanh xe.');
INSERT INTO tien_nghi (ten, mo_ta) VALUES (N'Định vị GPS', N'Hệ thống dẫn đường toàn cầu.');
INSERT INTO tien_nghi (ten, mo_ta) VALUES (N'Kết nối Bluetooth', N'Kết nối điện thoại để nghe nhạc và gọi điện.');
INSERT INTO tien_nghi (ten, mo_ta) VALUES (N'Cửa sổ trời', N'Cửa sổ trên nóc xe, tạo không gian thoáng đãng.');
INSERT INTO tien_nghi (ten, mo_ta) VALUES (N'Hệ thống phanh ABS', N'Hệ thống chống bó cứng phanh, tăng cường an toàn.');
INSERT INTO tien_nghi (ten, mo_ta) VALUES (N'Ghế da cao cấp', N'Ghế bọc da sang trọng.');
INSERT INTO tien_nghi (ten, mo_ta) VALUES (N'Điều hòa tự động 2 vùng', N'Kiểm soát nhiệt độ độc lập.');
INSERT INTO tien_nghi (ten, mo_ta) VALUES (N'Màn hình cảm ứng giải trí', N'Hỗ trợ Apple CarPlay/Android Auto.');
INSERT INTO tien_nghi (ten, mo_ta) VALUES (N'Đèn pha LED tự động', N'Chiếu sáng tốt hơn và tự động bật/tắt.');
INSERT INTO tien_nghi (ten, mo_ta) VALUES (N'Cruise Control', N'Hệ thống giữ tốc độ ổn định.');
INSERT INTO tien_nghi (ten, mo_ta) VALUES (N'Cảnh báo lệch làn', N'Hệ thống hỗ trợ lái xe an toàn.');
INSERT INTO tien_nghi (ten, mo_ta) VALUES (N'Sạc không dây', N'Tiện lợi cho điện thoại.');
INSERT INTO tien_nghi (ten, mo_ta) VALUES (N'Cốp điện', N'Mở cốp tự động bằng nút bấm.');
INSERT INTO tien_nghi (ten, mo_ta) VALUES (N'Gương chiếu hậu chỉnh điện', N'Dễ dàng điều chỉnh gương.');
INSERT INTO anh (id, url, ghi_chu, ngay_chup) VALUES (1, 'https://example.com/images/car_side_1.jpg', N'Ảnh minh họa xe', '2023-11-03 03:16:39');
INSERT INTO anh (id, url, ghi_chu, ngay_chup) VALUES (2, 'https://example.com/images/car_engine_2.jpg', N'Ảnh minh họa xe', '2023-12-23 00:13:59');
INSERT INTO anh (id, url, ghi_chu, ngay_chup) VALUES (3, 'https://example.com/images/car_interior_3.jpg', N'Ảnh minh họa xe', '2023-12-17 00:41:19');
INSERT INTO anh (id, url, ghi_chu, ngay_chup) VALUES (4, 'https://example.com/images/car_rear_4.jpg', N'Ảnh minh họa xe', '2023-01-23 17:22:06');
INSERT INTO anh (id, url, ghi_chu, ngay_chup) VALUES (5, 'https://example.com/images/car_side_5.jpg', N'Ảnh minh họa xe', '2024-11-27 19:05:55');
INSERT INTO anh (id, url, ghi_chu, ngay_chup) VALUES (6, 'https://example.com/images/car_interior_6.jpg', N'Ảnh minh họa xe', '2023-05-10 01:54:24');
INSERT INTO anh (id, url, ghi_chu, ngay_chup) VALUES (7, 'https://example.com/images/id_card_7.jpg', N'Ảnh giấy tờ/chân dung khách hàng', '2024-09-05 21:50:21');
INSERT INTO anh (id, url, ghi_chu, ngay_chup) VALUES (8, 'https://example.com/images/driving_license_8.jpg', N'Ảnh giấy tờ/chân dung khách hàng', '2024-05-24 22:09:07');
INSERT INTO anh (id, url, ghi_chu, ngay_chup) VALUES (9, 'https://example.com/images/customer_photo_9.jpg', N'Ảnh giấy tờ/chân dung khách hàng', '2024-04-06 14:48:51');
INSERT INTO anh (id, url, ghi_chu, ngay_chup) VALUES (10, 'https://example.com/images/driving_license_10.jpg', N'Ảnh giấy tờ/chân dung khách hàng', '2023-02-16 00:17:50');
INSERT INTO anh (id, url, ghi_chu, ngay_chup) VALUES (11, 'https://example.com/images/license_plate_11.jpg', N'Ảnh giấy tờ xe', '2024-09-03 20:20:25');
INSERT INTO anh (id, url, ghi_chu, ngay_chup) VALUES (12, 'https://example.com/images/car_interior_12.jpg', N'Ảnh minh họa xe', '2023-08-12 07:27:38');
INSERT INTO anh (id, url, ghi_chu, ngay_chup) VALUES (13, 'https://example.com/images/id_card_13.jpg', N'Ảnh giấy tờ/chân dung khách hàng', '2024-03-16 09:28:31');
INSERT INTO anh (id, url, ghi_chu, ngay_chup) VALUES (14, 'https://example.com/images/car_dashboard_14.jpg', N'Ảnh minh họa xe', '2024-03-01 08:02:14');
INSERT INTO anh (id, url, ghi_chu, ngay_chup) VALUES (15, 'https://example.com/images/car_rear_15.jpg', N'Ảnh minh họa xe', '2024-06-10 20:52:46');
INSERT INTO anh (id, url, ghi_chu, ngay_chup) VALUES (16, 'https://example.com/images/driving_license_16.jpg', N'Ảnh giấy tờ/chân dung khách hàng', '2023-03-27 07:53:00');
INSERT INTO anh (id, url, ghi_chu, ngay_chup) VALUES (17, 'https://example.com/images/car_front_17.jpg', N'Ảnh minh họa xe', '2023-03-24 05:48:19');
INSERT INTO anh (id, url, ghi_chu, ngay_chup) VALUES (18, 'https://example.com/images/car_front_18.jpg', N'Ảnh minh họa xe', '2023-02-24 05:07:06');
INSERT INTO anh (id, url, ghi_chu, ngay_chup) VALUES (19, 'https://example.com/images/id_card_19.jpg', N'Ảnh giấy tờ/chân dung khách hàng', '2023-09-18 09:43:12');
INSERT INTO anh (id, url, ghi_chu, ngay_chup) VALUES (20, 'https://example.com/images/car_dashboard_20.jpg', N'Ảnh minh họa xe', '2024-06-15 12:03:37');
INSERT INTO anh (id, url, ghi_chu, ngay_chup) VALUES (21, 'https://example.com/images/car_engine_21.jpg', N'Ảnh minh họa xe', '2023-01-12 10:33:24');
INSERT INTO anh (id, url, ghi_chu, ngay_chup) VALUES (22, 'https://example.com/images/car_rear_22.jpg', N'Ảnh minh họa xe', '2024-05-15 08:42:46');
INSERT INTO anh (id, url, ghi_chu, ngay_chup) VALUES (23, 'https://example.com/images/car_interior_23.jpg', N'Ảnh minh họa xe', '2023-01-08 16:46:43');
INSERT INTO anh (id, url, ghi_chu, ngay_chup) VALUES (24, 'https://example.com/images/customer_photo_24.jpg', N'Ảnh giấy tờ/chân dung khách hàng', '2024-12-27 16:32:53');
INSERT INTO anh (id, url, ghi_chu, ngay_chup) VALUES (25, 'https://example.com/images/car_front_25.jpg', N'Ảnh minh họa xe', '2023-06-23 13:04:30');
INSERT INTO anh (id, url, ghi_chu, ngay_chup) VALUES (26, 'https://example.com/images/id_card_26.jpg', N'Ảnh giấy tờ/chân dung khách hàng', '2023-08-24 11:51:49');
INSERT INTO anh (id, url, ghi_chu, ngay_chup) VALUES (27, 'https://example.com/images/car_side_27.jpg', N'Ảnh minh họa xe', '2024-02-22 09:07:53');
INSERT INTO anh (id, url, ghi_chu, ngay_chup) VALUES (28, 'https://example.com/images/customer_photo_28.jpg', N'Ảnh giấy tờ/chân dung khách hàng', '2023-09-20 17:24:50');
INSERT INTO anh (id, url, ghi_chu, ngay_chup) VALUES (29, 'https://example.com/images/car_interior_29.jpg', N'Ảnh minh họa xe', '2024-10-19 14:12:19');
INSERT INTO anh (id, url, ghi_chu, ngay_chup) VALUES (30, 'https://example.com/images/id_card_30.jpg', N'Ảnh giấy tờ/chân dung khách hàng', '2023-11-23 05:16:05');
INSERT INTO anh (id, url, ghi_chu, ngay_chup) VALUES (31, 'https://example.com/images/car_front_31.jpg', N'Ảnh minh họa xe', '2024-05-20 19:50:28');
INSERT INTO anh (id, url, ghi_chu, ngay_chup) VALUES (32, 'https://example.com/images/car_interior_32.jpg', N'Ảnh minh họa xe', '2023-10-26 04:05:40');
INSERT INTO anh (id, url, ghi_chu, ngay_chup) VALUES (33, 'https://example.com/images/car_front_33.jpg', N'Ảnh minh họa xe', '2024-07-14 22:23:50');
INSERT INTO anh (id, url, ghi_chu, ngay_chup) VALUES (34, 'https://example.com/images/license_plate_34.jpg', N'Ảnh giấy tờ xe', '2024-07-03 07:38:23');
INSERT INTO anh (id, url, ghi_chu, ngay_chup) VALUES (35, 'https://example.com/images/car_interior_35.jpg', N'Ảnh minh họa xe', '2024-02-06 16:58:23');
INSERT INTO anh (id, url, ghi_chu, ngay_chup) VALUES (36, 'https://example.com/images/car_dashboard_36.jpg', N'Ảnh minh họa xe', '2023-03-16 05:01:22');
INSERT INTO anh (id, url, ghi_chu, ngay_chup) VALUES (37, 'https://example.com/images/license_plate_37.jpg', N'Ảnh giấy tờ xe', '2024-11-02 19:42:28');
INSERT INTO anh (id, url, ghi_chu, ngay_chup) VALUES (38, 'https://example.com/images/car_rear_38.jpg', N'Ảnh minh họa xe', '2023-12-31 16:34:44');
INSERT INTO anh (id, url, ghi_chu, ngay_chup) VALUES (39, 'https://example.com/images/car_side_39.jpg', N'Ảnh minh họa xe', '2023-11-15 19:26:47');
INSERT INTO anh (id, url, ghi_chu, ngay_chup) VALUES (40, 'https://example.com/images/car_interior_40.jpg', N'Ảnh minh họa xe', '2024-02-13 19:53:31');
INSERT INTO anh (id, url, ghi_chu, ngay_chup) VALUES (41, 'https://example.com/images/car_dashboard_41.jpg', N'Ảnh minh họa xe', '2023-02-16 21:31:55');
INSERT INTO anh (id, url, ghi_chu, ngay_chup) VALUES (42, 'https://example.com/images/car_interior_42.jpg', N'Ảnh minh họa xe', '2024-01-31 03:28:55');
INSERT INTO anh (id, url, ghi_chu, ngay_chup) VALUES (43, 'https://example.com/images/id_card_43.jpg', N'Ảnh giấy tờ/chân dung khách hàng', '2024-07-18 04:25:43');
INSERT INTO anh (id, url, ghi_chu, ngay_chup) VALUES (44, 'https://example.com/images/car_engine_44.jpg', N'Ảnh minh họa xe', '2024-09-24 19:24:29');
INSERT INTO anh (id, url, ghi_chu, ngay_chup) VALUES (45, 'https://example.com/images/driving_license_45.jpg', N'Ảnh giấy tờ/chân dung khách hàng', '2024-06-09 15:09:00');
INSERT INTO anh (id, url, ghi_chu, ngay_chup) VALUES (46, 'https://example.com/images/car_side_46.jpg', N'Ảnh minh họa xe', '2023-09-12 21:40:40');
INSERT INTO anh (id, url, ghi_chu, ngay_chup) VALUES (47, 'https://example.com/images/car_dashboard_47.jpg', N'Ảnh minh họa xe', '2023-10-03 06:30:50');
INSERT INTO anh (id, url, ghi_chu, ngay_chup) VALUES (48, 'https://example.com/images/car_front_48.jpg', N'Ảnh minh họa xe', '2024-10-03 02:30:32');
INSERT INTO anh (id, url, ghi_chu, ngay_chup) VALUES (49, 'https://example.com/images/car_front_49.jpg', N'Ảnh minh họa xe', '2023-06-13 00:48:20');
INSERT INTO anh (id, url, ghi_chu, ngay_chup) VALUES (50, 'https://example.com/images/driving_license_50.jpg', N'Ảnh giấy tờ/chân dung khách hàng', '2024-07-20 10:04:57');
INSERT INTO anh (id, url, ghi_chu, ngay_chup) VALUES (51, 'https://example.com/images/car_front_51.jpg', N'Ảnh minh họa xe', '2023-04-24 16:52:08');
INSERT INTO anh (id, url, ghi_chu, ngay_chup) VALUES (52, 'https://example.com/images/id_card_52.jpg', N'Ảnh giấy tờ/chân dung khách hàng', '2024-12-14 15:20:37');
INSERT INTO anh (id, url, ghi_chu, ngay_chup) VALUES (53, 'https://example.com/images/car_dashboard_53.jpg', N'Ảnh minh họa xe', '2024-09-05 17:49:51');
INSERT INTO anh (id, url, ghi_chu, ngay_chup) VALUES (54, 'https://example.com/images/car_side_54.jpg', N'Ảnh minh họa xe', '2023-03-18 05:34:35');
INSERT INTO anh (id, url, ghi_chu, ngay_chup) VALUES (55, 'https://example.com/images/car_engine_55.jpg', N'Ảnh minh họa xe', '2023-03-15 09:29:44');
INSERT INTO anh (id, url, ghi_chu, ngay_chup) VALUES (56, 'https://example.com/images/car_engine_56.jpg', N'Ảnh minh họa xe', '2023-06-26 01:39:43');
INSERT INTO anh (id, url, ghi_chu, ngay_chup) VALUES (57, 'https://example.com/images/car_dashboard_57.jpg', N'Ảnh minh họa xe', '2024-12-18 17:06:47');
INSERT INTO anh (id, url, ghi_chu, ngay_chup) VALUES (58, 'https://example.com/images/car_side_58.jpg', N'Ảnh minh họa xe', '2024-04-16 01:44:59');
INSERT INTO anh (id, url, ghi_chu, ngay_chup) VALUES (59, 'https://example.com/images/car_front_59.jpg', N'Ảnh minh họa xe', '2024-08-26 20:27:20');
INSERT INTO anh (id, url, ghi_chu, ngay_chup) VALUES (60, 'https://example.com/images/car_side_60.jpg', N'Ảnh minh họa xe', '2023-03-27 09:12:43');
INSERT INTO anh (id, url, ghi_chu, ngay_chup) VALUES (61, 'https://example.com/images/driving_license_61.jpg', N'Ảnh giấy tờ/chân dung khách hàng', '2023-03-18 00:35:57');
INSERT INTO anh (id, url, ghi_chu, ngay_chup) VALUES (62, 'https://example.com/images/license_plate_62.jpg', N'Ảnh giấy tờ xe', '2023-07-07 19:59:46');
INSERT INTO anh (id, url, ghi_chu, ngay_chup) VALUES (63, 'https://example.com/images/customer_photo_63.jpg', N'Ảnh giấy tờ/chân dung khách hàng', '2024-04-15 16:32:03');
INSERT INTO anh (id, url, ghi_chu, ngay_chup) VALUES (64, 'https://example.com/images/car_rear_64.jpg', N'Ảnh minh họa xe', '2024-10-31 18:47:00');
INSERT INTO anh (id, url, ghi_chu, ngay_chup) VALUES (65, 'https://example.com/images/car_rear_65.jpg', N'Ảnh minh họa xe', '2024-09-03 17:59:26');
INSERT INTO anh (id, url, ghi_chu, ngay_chup) VALUES (66, 'https://example.com/images/driving_license_66.jpg', N'Ảnh giấy tờ/chân dung khách hàng', '2023-10-03 14:42:41');
INSERT INTO anh (id, url, ghi_chu, ngay_chup) VALUES (67, 'https://example.com/images/license_plate_67.jpg', N'Ảnh giấy tờ xe', '2024-10-19 01:56:35');
INSERT INTO anh (id, url, ghi_chu, ngay_chup) VALUES (68, 'https://example.com/images/car_rear_68.jpg', N'Ảnh minh họa xe', '2024-04-21 12:24:03');
INSERT INTO anh (id, url, ghi_chu, ngay_chup) VALUES (69, 'https://example.com/images/car_engine_69.jpg', N'Ảnh minh họa xe', '2024-02-28 16:42:16');
INSERT INTO anh (id, url, ghi_chu, ngay_chup) VALUES (70, 'https://example.com/images/car_interior_70.jpg', N'Ảnh minh họa xe', '2024-10-07 12:48:11');
INSERT INTO anh (id, url, ghi_chu, ngay_chup) VALUES (71, 'https://example.com/images/driving_license_71.jpg', N'Ảnh giấy tờ/chân dung khách hàng', '2023-07-23 08:12:17');
INSERT INTO anh (id, url, ghi_chu, ngay_chup) VALUES (72, 'https://example.com/images/car_engine_72.jpg', N'Ảnh minh họa xe', '2024-07-15 02:06:01');
INSERT INTO anh (id, url, ghi_chu, ngay_chup) VALUES (73, 'https://example.com/images/car_rear_73.jpg', N'Ảnh minh họa xe', '2023-06-20 03:27:15');
INSERT INTO anh (id, url, ghi_chu, ngay_chup) VALUES (74, 'https://example.com/images/car_dashboard_74.jpg', N'Ảnh minh họa xe', '2024-05-31 16:16:54');
INSERT INTO anh (id, url, ghi_chu, ngay_chup) VALUES (75, 'https://example.com/images/id_card_75.jpg', N'Ảnh giấy tờ/chân dung khách hàng', '2023-05-16 00:48:55');
INSERT INTO anh (id, url, ghi_chu, ngay_chup) VALUES (76, 'https://example.com/images/car_rear_76.jpg', N'Ảnh minh họa xe', '2024-01-25 01:15:34');
INSERT INTO anh (id, url, ghi_chu, ngay_chup) VALUES (77, 'https://example.com/images/driving_license_77.jpg', N'Ảnh giấy tờ/chân dung khách hàng', '2023-10-10 09:04:38');
INSERT INTO anh (id, url, ghi_chu, ngay_chup) VALUES (78, 'https://example.com/images/id_card_78.jpg', N'Ảnh giấy tờ/chân dung khách hàng', '2023-02-19 23:13:44');
INSERT INTO anh (id, url, ghi_chu, ngay_chup) VALUES (79, 'https://example.com/images/car_dashboard_79.jpg', N'Ảnh minh họa xe', '2024-10-01 09:52:08');
INSERT INTO anh (id, url, ghi_chu, ngay_chup) VALUES (80, 'https://example.com/images/license_plate_80.jpg', N'Ảnh giấy tờ xe', '2023-07-13 05:35:16');
INSERT INTO anh (id, url, ghi_chu, ngay_chup) VALUES (81, 'https://example.com/images/car_engine_81.jpg', N'Ảnh minh họa xe', '2023-04-05 02:57:42');
INSERT INTO anh (id, url, ghi_chu, ngay_chup) VALUES (82, 'https://example.com/images/car_dashboard_82.jpg', N'Ảnh minh họa xe', '2023-04-22 15:12:38');
INSERT INTO anh (id, url, ghi_chu, ngay_chup) VALUES (83, 'https://example.com/images/car_engine_83.jpg', N'Ảnh minh họa xe', '2024-01-31 23:50:08');
INSERT INTO anh (id, url, ghi_chu, ngay_chup) VALUES (84, 'https://example.com/images/car_front_84.jpg', N'Ảnh minh họa xe', '2023-10-05 20:01:25');
INSERT INTO anh (id, url, ghi_chu, ngay_chup) VALUES (85, 'https://example.com/images/car_rear_85.jpg', N'Ảnh minh họa xe', '2024-07-06 20:59:16');
INSERT INTO anh (id, url, ghi_chu, ngay_chup) VALUES (86, 'https://example.com/images/car_rear_86.jpg', N'Ảnh minh họa xe', '2023-06-15 09:49:22');
INSERT INTO anh (id, url, ghi_chu, ngay_chup) VALUES (87, 'https://example.com/images/car_front_87.jpg', N'Ảnh minh họa xe', '2023-10-14 03:56:33');
INSERT INTO anh (id, url, ghi_chu, ngay_chup) VALUES (88, 'https://example.com/images/car_front_88.jpg', N'Ảnh minh họa xe', '2024-06-02 06:32:33');
INSERT INTO anh (id, url, ghi_chu, ngay_chup) VALUES (89, 'https://example.com/images/car_engine_89.jpg', N'Ảnh minh họa xe', '2023-02-18 21:36:25');
INSERT INTO anh (id, url, ghi_chu, ngay_chup) VALUES (90, 'https://example.com/images/car_engine_90.jpg', N'Ảnh minh họa xe', '2024-10-30 20:18:27');
INSERT INTO anh (id, url, ghi_chu, ngay_chup) VALUES (91, 'https://example.com/images/driving_license_91.jpg', N'Ảnh giấy tờ/chân dung khách hàng', '2024-07-01 21:42:29');
INSERT INTO anh (id, url, ghi_chu, ngay_chup) VALUES (92, 'https://example.com/images/car_engine_92.jpg', N'Ảnh minh họa xe', '2024-12-28 21:51:07');
INSERT INTO anh (id, url, ghi_chu, ngay_chup) VALUES (93, 'https://example.com/images/customer_photo_93.jpg', N'Ảnh giấy tờ/chân dung khách hàng', '2023-02-16 09:17:13');
INSERT INTO anh (id, url, ghi_chu, ngay_chup) VALUES (94, 'https://example.com/images/car_engine_94.jpg', N'Ảnh minh họa xe', '2024-04-30 04:05:00');
INSERT INTO anh (id, url, ghi_chu, ngay_chup) VALUES (95, 'https://example.com/images/car_interior_95.jpg', N'Ảnh minh họa xe', '2024-11-29 16:59:29');
INSERT INTO anh (id, url, ghi_chu, ngay_chup) VALUES (96, 'https://example.com/images/driving_license_96.jpg', N'Ảnh giấy tờ/chân dung khách hàng', '2023-03-05 10:12:08');
INSERT INTO anh (id, url, ghi_chu, ngay_chup) VALUES (97, 'https://example.com/images/driving_license_97.jpg', N'Ảnh giấy tờ/chân dung khách hàng', '2023-05-08 11:45:15');
INSERT INTO anh (id, url, ghi_chu, ngay_chup) VALUES (98, 'https://example.com/images/driving_license_98.jpg', N'Ảnh giấy tờ/chân dung khách hàng', '2024-09-05 17:05:00');
INSERT INTO anh (id, url, ghi_chu, ngay_chup) VALUES (99, 'https://example.com/images/car_side_99.jpg', N'Ảnh minh họa xe', '2023-11-21 20:57:03');
INSERT INTO anh (id, url, ghi_chu, ngay_chup) VALUES (100, 'https://example.com/images/customer_photo_100.jpg', N'Ảnh giấy tờ/chân dung khách hàng', '2024-03-26 22:56:20');
INSERT INTO phu_phi (ten, gia, mo_ta) VALUES (N'Phí vệ sinh', 100000, N'Phí vệ sinh xe sau khi thuê.');
INSERT INTO phu_phi (ten, gia, mo_ta) VALUES (N'Phí giao xe tận nơi', 50000, N'Phí giao xe đến địa điểm yêu cầu.');
INSERT INTO phu_phi (ten, gia, mo_ta) VALUES (N'Phí phát sinh km', 2000, N'Phí cho mỗi km vượt quá giới hạn.');
INSERT INTO phu_phi (ten, gia, mo_ta) VALUES (N'Phí bảo hiểm cao cấp', 150000, N'Bảo hiểm toàn diện cho xe.');
INSERT INTO phu_phi (ten, gia, mo_ta) VALUES (N'Phí phụ trội giờ', 30000, N'Phí cho mỗi giờ thuê vượt quá thời gian hợp đồng.');
INSERT INTO phu_phi (ten, gia, mo_ta) VALUES (N'Phí cầu đường', 20000, N'Phí cầu đường phát sinh trong chuyến đi.');
INSERT INTO phu_phi (ten, gia, mo_ta) VALUES (N'Phí giữ xe đêm', 50000, N'Phí giữ xe qua đêm nếu không trả đúng giờ.');
INSERT INTO phu_phi (ten, gia, mo_ta) VALUES (N'Phí phạt trả trễ', 100000, N'Phí phạt nếu trả xe quá giờ quy định.');
INSERT INTO phu_phi (ten, gia, mo_ta) VALUES (N'Phí hỗ trợ khẩn cấp', 200000, N'Hỗ trợ khẩn cấp như thay lốp, kéo xe.');
INSERT INTO phu_phi (ten, gia, mo_ta) VALUES (N'Phí đổ đầy bình xăng', 10000, N'Phí dịch vụ đổ đầy bình xăng nếu khách không tự đổ.');
INSERT INTO oto (nam_san_xuat, truyen_dong, loai_nhien_lieu, muc_tieu_thu, bien_so, trang_thai, gia, ngay_tao, mo_ta, mau_xe_id, dia_chi_id, doi_tac_id) VALUES (2023, N'Số sàn', N'Dầu', 11, '39D-510.50', 3, 2338602, '2023-08-03 14:55:26', N'Xe đang được bảo trì hoặc đã được thuê dài hạn.', 18, 27, 'TV007');
INSERT INTO oto (nam_san_xuat, truyen_dong, loai_nhien_lieu, muc_tieu_thu, bien_so, trang_thai, gia, ngay_tao, mo_ta, mau_xe_id, dia_chi_id, doi_tac_id) VALUES (2018, N'Số sàn', N'Điện', 11, '75O-865.67', 0, 664684, '2023-05-14 03:28:55', N'Xe đang được bảo trì hoặc đã được thuê dài hạn.', 1, 3, 'TV037');
INSERT INTO oto (nam_san_xuat, truyen_dong, loai_nhien_lieu, muc_tieu_thu, bien_so, trang_thai, gia, ngay_tao, mo_ta, mau_xe_id, dia_chi_id, doi_tac_id) VALUES (2019, N'Tự động', N'Điện', 5, '86S-881.43', 2, 1406838, '2023-02-17 09:11:19', N'Xe đang được bảo trì hoặc đã được thuê dài hạn.', 39, 10, 'TV042');
INSERT INTO oto (nam_san_xuat, truyen_dong, loai_nhien_lieu, muc_tieu_thu, bien_so, trang_thai, gia, ngay_tao, mo_ta, mau_xe_id, dia_chi_id, doi_tac_id) VALUES (2024, N'Số sàn', N'Xăng', 9, '84M-777.93', 0, 556316, '2023-04-30 00:13:32', N'Xe đang được bảo trì hoặc đã được thuê dài hạn.', 5, 30, 'TV040');
INSERT INTO oto (nam_san_xuat, truyen_dong, loai_nhien_lieu, muc_tieu_thu, bien_so, trang_thai, gia, ngay_tao, mo_ta, mau_xe_id, dia_chi_id, doi_tac_id) VALUES (2020, N'Số sàn', N'Dầu', 9, '91E-127.30', 3, 2025332, '2023-11-19 17:11:44', N'Xe đang được bảo trì hoặc đã được thuê dài hạn.', 24, 45, 'TV023');
INSERT INTO oto (nam_san_xuat, truyen_dong, loai_nhien_lieu, muc_tieu_thu, bien_so, trang_thai, gia, ngay_tao, mo_ta, mau_xe_id, dia_chi_id, doi_tac_id) VALUES (2018, N'Số sàn', N'Xăng', 10, '49V-565.28', 1, 1249251, '2023-07-20 21:38:51', N'Xe trong tình trạng tốt, thường xuyên bảo dưỡng và phù hợp cho gia đình.', 38, 19, 'TV023');
INSERT INTO oto (nam_san_xuat, truyen_dong, loai_nhien_lieu, muc_tieu_thu, bien_so, trang_thai, gia, ngay_tao, mo_ta, mau_xe_id, dia_chi_id, doi_tac_id) VALUES (2023, N'Số sàn', N'Dầu', 12, '69P-710.83', 3, 1586540, '2023-12-31 04:36:07', N'Xe đang được bảo trì hoặc đã được thuê dài hạn.', 48, 42, 'TV013');
INSERT INTO oto (nam_san_xuat, truyen_dong, loai_nhien_lieu, muc_tieu_thu, bien_so, trang_thai, gia, ngay_tao, mo_ta, mau_xe_id, dia_chi_id, doi_tac_id) VALUES (2018, N'Tự động', N'Điện', 7, '76U-981.87', 3, 1117012, '2023-05-28 19:48:18', N'Xe đang được bảo trì hoặc đã được thuê dài hạn.', 7, 28, 'TV040');
INSERT INTO oto (nam_san_xuat, truyen_dong, loai_nhien_lieu, muc_tieu_thu, bien_so, trang_thai, gia, ngay_tao, mo_ta, mau_xe_id, dia_chi_id, doi_tac_id) VALUES (2019, N'Số sàn', N'Xăng', 8, '32F-766.13', 3, 634937, '2023-12-21 04:29:16', N'Xe đang được bảo trì hoặc đã được thuê dài hạn.', 30, 5, 'TV023');
INSERT INTO oto (nam_san_xuat, truyen_dong, loai_nhien_lieu, muc_tieu_thu, bien_so, trang_thai, gia, ngay_tao, mo_ta, mau_xe_id, dia_chi_id, doi_tac_id) VALUES (2021, N'Tự động', N'Xăng', 9, '92S-271.48', 3, 825909, '2023-11-22 06:11:44', N'Xe đang được bảo trì hoặc đã được thuê dài hạn.', 34, 14, 'TV011');
INSERT INTO oto (nam_san_xuat, truyen_dong, loai_nhien_lieu, muc_tieu_thu, bien_so, trang_thai, gia, ngay_tao, mo_ta, mau_xe_id, dia_chi_id, doi_tac_id) VALUES (2023, N'Số sàn', N'Dầu', 11, '98N-858.45', 3, 1741501, '2023-09-27 08:07:37', N'Xe đang được bảo trì hoặc đã được thuê dài hạn.', 42, 13, 'TV036');
INSERT INTO oto (nam_san_xuat, truyen_dong, loai_nhien_lieu, muc_tieu_thu, bien_so, trang_thai, gia, ngay_tao, mo_ta, mau_xe_id, dia_chi_id, doi_tac_id) VALUES (2018, N'Tự động', N'Xăng', 8, '98I-872.85', 3, 1915815, '2023-05-01 10:43:30', N'Xe đang được bảo trì hoặc đã được thuê dài hạn.', 40, 9, 'TV023');
INSERT INTO oto (nam_san_xuat, truyen_dong, loai_nhien_lieu, muc_tieu_thu, bien_so, trang_thai, gia, ngay_tao, mo_ta, mau_xe_id, dia_chi_id, doi_tac_id) VALUES (2019, N'Tự động', N'Xăng', 12, '31T-303.72', 0, 1974831, '2023-01-25 05:24:57', N'Xe đang được bảo trì hoặc đã được thuê dài hạn.', 17, 36, 'TV040');
INSERT INTO oto (nam_san_xuat, truyen_dong, loai_nhien_lieu, muc_tieu_thu, bien_so, trang_thai, gia, ngay_tao, mo_ta, mau_xe_id, dia_chi_id, doi_tac_id) VALUES (2018, N'Tự động', N'Dầu', 6, '77P-574.64', 3, 1937336, '2023-09-01 04:43:33', N'Xe đang được bảo trì hoặc đã được thuê dài hạn.', 27, 34, 'TV007');
INSERT INTO oto (nam_san_xuat, truyen_dong, loai_nhien_lieu, muc_tieu_thu, bien_so, trang_thai, gia, ngay_tao, mo_ta, mau_xe_id, dia_chi_id, doi_tac_id) VALUES (2021, N'Số sàn', N'Dầu', 12, '29O-945.30', 1, 758983, '2023-05-08 18:52:27', N'Xe trong tình trạng tốt, thường xuyên bảo dưỡng và phù hợp cho gia đình.', 32, 29, 'TV042');
INSERT INTO oto (nam_san_xuat, truyen_dong, loai_nhien_lieu, muc_tieu_thu, bien_so, trang_thai, gia, ngay_tao, mo_ta, mau_xe_id, dia_chi_id, doi_tac_id) VALUES (2024, N'Tự động', N'Xăng', 10, '69D-233.44', 2, 1189343, '2023-02-22 08:23:45', N'Xe đang được bảo trì hoặc đã được thuê dài hạn.', 28, 36, 'TV036');
INSERT INTO oto (nam_san_xuat, truyen_dong, loai_nhien_lieu, muc_tieu_thu, bien_so, trang_thai, gia, ngay_tao, mo_ta, mau_xe_id, dia_chi_id, doi_tac_id) VALUES (2020, N'Tự động', N'Xăng', 5, '84A-490.98', 1, 2082075, '2023-11-25 19:55:23', N'Xe trong tình trạng tốt, thường xuyên bảo dưỡng và phù hợp cho gia đình.', 34, 48, 'TV042');
INSERT INTO oto (nam_san_xuat, truyen_dong, loai_nhien_lieu, muc_tieu_thu, bien_so, trang_thai, gia, ngay_tao, mo_ta, mau_xe_id, dia_chi_id, doi_tac_id) VALUES (2022, N'Số sàn', N'Điện', 5, '72X-232.25', 0, 723207, '2023-03-16 20:01:01', N'Xe đang được bảo trì hoặc đã được thuê dài hạn.', 26, 11, 'TV040');
INSERT INTO oto (nam_san_xuat, truyen_dong, loai_nhien_lieu, muc_tieu_thu, bien_so, trang_thai, gia, ngay_tao, mo_ta, mau_xe_id, dia_chi_id, doi_tac_id) VALUES (2024, N'Tự động', N'Điện', 8, '29Y-654.47', 0, 573395, '2023-02-20 03:59:59', N'Xe đang được bảo trì hoặc đã được thuê dài hạn.', 22, 25, 'TV023');
INSERT INTO oto (nam_san_xuat, truyen_dong, loai_nhien_lieu, muc_tieu_thu, bien_so, trang_thai, gia, ngay_tao, mo_ta, mau_xe_id, dia_chi_id, doi_tac_id) VALUES (2018, N'Tự động', N'Xăng', 5, '98Q-326.70', 2, 613828, '2023-06-06 09:50:40', N'Xe đang được bảo trì hoặc đã được thuê dài hạn.', 7, 18, 'TV037');
INSERT INTO oto (nam_san_xuat, truyen_dong, loai_nhien_lieu, muc_tieu_thu, bien_so, trang_thai, gia, ngay_tao, mo_ta, mau_xe_id, dia_chi_id, doi_tac_id) VALUES (2021, N'Tự động', N'Xăng', 10, '32I-930.33', 2, 1871929, '2023-09-09 17:40:07', N'Xe đang được bảo trì hoặc đã được thuê dài hạn.', 2, 33, 'TV037');
INSERT INTO oto (nam_san_xuat, truyen_dong, loai_nhien_lieu, muc_tieu_thu, bien_so, trang_thai, gia, ngay_tao, mo_ta, mau_xe_id, dia_chi_id, doi_tac_id) VALUES (2021, N'Số sàn', N'Điện', 7, '33F-206.66', 0, 814192, '2023-07-14 01:23:58', N'Xe đang được bảo trì hoặc đã được thuê dài hạn.', 28, 29, 'TV040');
INSERT INTO oto (nam_san_xuat, truyen_dong, loai_nhien_lieu, muc_tieu_thu, bien_so, trang_thai, gia, ngay_tao, mo_ta, mau_xe_id, dia_chi_id, doi_tac_id) VALUES (2024, N'Tự động', N'Dầu', 8, '74X-862.66', 2, 1084337, '2023-07-25 08:28:53', N'Xe đang được bảo trì hoặc đã được thuê dài hạn.', 2, 21, 'TV011');
INSERT INTO oto (nam_san_xuat, truyen_dong, loai_nhien_lieu, muc_tieu_thu, bien_so, trang_thai, gia, ngay_tao, mo_ta, mau_xe_id, dia_chi_id, doi_tac_id) VALUES (2023, N'Số sàn', N'Điện', 11, '65L-733.23', 2, 2012171, '2023-08-30 17:11:13', N'Xe đang được bảo trì hoặc đã được thuê dài hạn.', 4, 26, 'TV025');
INSERT INTO oto (nam_san_xuat, truyen_dong, loai_nhien_lieu, muc_tieu_thu, bien_so, trang_thai, gia, ngay_tao, mo_ta, mau_xe_id, dia_chi_id, doi_tac_id) VALUES (2024, N'Tự động', N'Điện', 6, '75I-321.81', 3, 1885227, '2023-02-04 04:44:04', N'Xe đang được bảo trì hoặc đã được thuê dài hạn.', 47, 31, 'TV013');
INSERT INTO oto (nam_san_xuat, truyen_dong, loai_nhien_lieu, muc_tieu_thu, bien_so, trang_thai, gia, ngay_tao, mo_ta, mau_xe_id, dia_chi_id, doi_tac_id) VALUES (2023, N'Tự động', N'Điện', 10, '42X-128.19', 1, 1744304, '2023-08-14 09:57:27', N'Xe trong tình trạng tốt, thường xuyên bảo dưỡng và phù hợp cho gia đình.', 19, 42, 'TV011');
INSERT INTO oto (nam_san_xuat, truyen_dong, loai_nhien_lieu, muc_tieu_thu, bien_so, trang_thai, gia, ngay_tao, mo_ta, mau_xe_id, dia_chi_id, doi_tac_id) VALUES (2021, N'Tự động', N'Dầu', 6, '91M-422.24', 0, 866975, '2023-09-11 20:13:39', N'Xe đang được bảo trì hoặc đã được thuê dài hạn.', 23, 1, 'TV042');
INSERT INTO oto (nam_san_xuat, truyen_dong, loai_nhien_lieu, muc_tieu_thu, bien_so, trang_thai, gia, ngay_tao, mo_ta, mau_xe_id, dia_chi_id, doi_tac_id) VALUES (2020, N'Số sàn', N'Điện', 9, '31X-838.56', 1, 971193, '2023-09-16 20:25:37', N'Xe trong tình trạng tốt, thường xuyên bảo dưỡng và phù hợp cho gia đình.', 42, 18, 'TV033');
INSERT INTO oto (nam_san_xuat, truyen_dong, loai_nhien_lieu, muc_tieu_thu, bien_so, trang_thai, gia, ngay_tao, mo_ta, mau_xe_id, dia_chi_id, doi_tac_id) VALUES (2024, N'Số sàn', N'Xăng', 9, '67S-599.77', 1, 1144155, '2023-01-11 13:34:24', N'Xe trong tình trạng tốt, thường xuyên bảo dưỡng và phù hợp cho gia đình.', 5, 33, 'TV037');
INSERT INTO oto (nam_san_xuat, truyen_dong, loai_nhien_lieu, muc_tieu_thu, bien_so, trang_thai, gia, ngay_tao, mo_ta, mau_xe_id, dia_chi_id, doi_tac_id) VALUES (2023, N'Tự động', N'Dầu', 7, '86F-803.87', 2, 1753109, '2023-05-21 21:59:22', N'Xe đang được bảo trì hoặc đã được thuê dài hạn.', 4, 6, 'TV011');
INSERT INTO oto (nam_san_xuat, truyen_dong, loai_nhien_lieu, muc_tieu_thu, bien_so, trang_thai, gia, ngay_tao, mo_ta, mau_xe_id, dia_chi_id, doi_tac_id) VALUES (2020, N'Số sàn', N'Điện', 12, '92I-439.67', 3, 2355837, '2023-10-27 01:32:37', N'Xe đang được bảo trì hoặc đã được thuê dài hạn.', 20, 4, 'TV037');
INSERT INTO oto (nam_san_xuat, truyen_dong, loai_nhien_lieu, muc_tieu_thu, bien_so, trang_thai, gia, ngay_tao, mo_ta, mau_xe_id, dia_chi_id, doi_tac_id) VALUES (2023, N'Tự động', N'Điện', 12, '82L-736.22', 0, 1404393, '2023-03-22 01:08:44', N'Xe đang được bảo trì hoặc đã được thuê dài hạn.', 19, 4, 'TV007');
INSERT INTO oto (nam_san_xuat, truyen_dong, loai_nhien_lieu, muc_tieu_thu, bien_so, trang_thai, gia, ngay_tao, mo_ta, mau_xe_id, dia_chi_id, doi_tac_id) VALUES (2020, N'Số sàn', N'Điện', 12, '75R-677.55', 0, 1562660, '2023-03-08 16:32:05', N'Xe đang được bảo trì hoặc đã được thuê dài hạn.', 46, 22, 'TV042');
INSERT INTO oto (nam_san_xuat, truyen_dong, loai_nhien_lieu, muc_tieu_thu, bien_so, trang_thai, gia, ngay_tao, mo_ta, mau_xe_id, dia_chi_id, doi_tac_id) VALUES (2020, N'Tự động', N'Xăng', 6, '88N-367.83', 1, 884647, '2023-12-21 04:04:07', N'Xe trong tình trạng tốt, thường xuyên bảo dưỡng và phù hợp cho gia đình.', 27, 26, 'TV033');
INSERT INTO oto (nam_san_xuat, truyen_dong, loai_nhien_lieu, muc_tieu_thu, bien_so, trang_thai, gia, ngay_tao, mo_ta, mau_xe_id, dia_chi_id, doi_tac_id) VALUES (2022, N'Tự động', N'Điện', 6, '79L-994.36', 3, 1374490, '2023-11-02 16:11:49', N'Xe đang được bảo trì hoặc đã được thuê dài hạn.', 37, 37, 'TV023');
INSERT INTO oto (nam_san_xuat, truyen_dong, loai_nhien_lieu, muc_tieu_thu, bien_so, trang_thai, gia, ngay_tao, mo_ta, mau_xe_id, dia_chi_id, doi_tac_id) VALUES (2023, N'Số sàn', N'Điện', 5, '77U-997.72', 3, 1084298, '2023-02-20 05:00:09', N'Xe đang được bảo trì hoặc đã được thuê dài hạn.', 34, 3, 'TV037');
INSERT INTO oto (nam_san_xuat, truyen_dong, loai_nhien_lieu, muc_tieu_thu, bien_so, trang_thai, gia, ngay_tao, mo_ta, mau_xe_id, dia_chi_id, doi_tac_id) VALUES (2024, N'Tự động', N'Xăng', 5, '81Z-307.17', 0, 2207240, '2023-12-26 23:21:49', N'Xe đang được bảo trì hoặc đã được thuê dài hạn.', 36, 14, 'TV040');
INSERT INTO oto (nam_san_xuat, truyen_dong, loai_nhien_lieu, muc_tieu_thu, bien_so, trang_thai, gia, ngay_tao, mo_ta, mau_xe_id, dia_chi_id, doi_tac_id) VALUES (2023, N'Số sàn', N'Dầu', 6, '60L-607.98', 0, 541153, '2023-01-21 11:25:01', N'Xe đang được bảo trì hoặc đã được thuê dài hạn.', 13, 1, 'TV013');
INSERT INTO oto (nam_san_xuat, truyen_dong, loai_nhien_lieu, muc_tieu_thu, bien_so, trang_thai, gia, ngay_tao, mo_ta, mau_xe_id, dia_chi_id, doi_tac_id) VALUES (2018, N'Số sàn', N'Xăng', 9, '74B-613.60', 2, 2459062, '2023-11-13 18:32:24', N'Xe đang được bảo trì hoặc đã được thuê dài hạn.', 27, 14, 'TV023');
INSERT INTO oto (nam_san_xuat, truyen_dong, loai_nhien_lieu, muc_tieu_thu, bien_so, trang_thai, gia, ngay_tao, mo_ta, mau_xe_id, dia_chi_id, doi_tac_id) VALUES (2022, N'Số sàn', N'Dầu', 6, '89Z-641.96', 2, 532625, '2023-06-20 13:29:26', N'Xe đang được bảo trì hoặc đã được thuê dài hạn.', 48, 34, 'TV040');
INSERT INTO oto (nam_san_xuat, truyen_dong, loai_nhien_lieu, muc_tieu_thu, bien_so, trang_thai, gia, ngay_tao, mo_ta, mau_xe_id, dia_chi_id, doi_tac_id) VALUES (2021, N'Tự động', N'Dầu', 7, '98B-859.51', 2, 1699969, '2023-10-23 09:18:30', N'Xe đang được bảo trì hoặc đã được thuê dài hạn.', 13, 39, 'TV011');
INSERT INTO oto (nam_san_xuat, truyen_dong, loai_nhien_lieu, muc_tieu_thu, bien_so, trang_thai, gia, ngay_tao, mo_ta, mau_xe_id, dia_chi_id, doi_tac_id) VALUES (2023, N'Số sàn', N'Xăng', 5, '97O-613.18', 1, 2286135, '2023-06-21 11:33:38', N'Xe trong tình trạng tốt, thường xuyên bảo dưỡng và phù hợp cho gia đình.', 33, 30, 'TV007');
INSERT INTO oto (nam_san_xuat, truyen_dong, loai_nhien_lieu, muc_tieu_thu, bien_so, trang_thai, gia, ngay_tao, mo_ta, mau_xe_id, dia_chi_id, doi_tac_id) VALUES (2021, N'Số sàn', N'Dầu', 12, '52W-999.12', 0, 2305641, '2023-08-27 17:54:06', N'Xe đang được bảo trì hoặc đã được thuê dài hạn.', 39, 17, 'TV036');
INSERT INTO oto (nam_san_xuat, truyen_dong, loai_nhien_lieu, muc_tieu_thu, bien_so, trang_thai, gia, ngay_tao, mo_ta, mau_xe_id, dia_chi_id, doi_tac_id) VALUES (2018, N'Số sàn', N'Điện', 12, '92O-847.94', 1, 877067, '2023-03-19 13:28:06', N'Xe trong tình trạng tốt, thường xuyên bảo dưỡng và phù hợp cho gia đình.', 40, 30, 'TV007');
INSERT INTO oto (nam_san_xuat, truyen_dong, loai_nhien_lieu, muc_tieu_thu, bien_so, trang_thai, gia, ngay_tao, mo_ta, mau_xe_id, dia_chi_id, doi_tac_id) VALUES (2020, N'Số sàn', N'Xăng', 10, '32T-922.69', 0, 760354, '2023-01-13 15:36:51', N'Xe đang được bảo trì hoặc đã được thuê dài hạn.', 11, 48, 'TV033');
INSERT INTO oto (nam_san_xuat, truyen_dong, loai_nhien_lieu, muc_tieu_thu, bien_so, trang_thai, gia, ngay_tao, mo_ta, mau_xe_id, dia_chi_id, doi_tac_id) VALUES (2020, N'Số sàn', N'Dầu', 8, '61M-128.96', 1, 684898, '2023-01-01 21:21:52', N'Xe trong tình trạng tốt, thường xuyên bảo dưỡng và phù hợp cho gia đình.', 11, 26, 'TV040');
INSERT INTO oto (nam_san_xuat, truyen_dong, loai_nhien_lieu, muc_tieu_thu, bien_so, trang_thai, gia, ngay_tao, mo_ta, mau_xe_id, dia_chi_id, doi_tac_id) VALUES (2023, N'Số sàn', N'Điện', 5, '71H-157.39', 2, 2207663, '2023-09-21 14:09:00', N'Xe đang được bảo trì hoặc đã được thuê dài hạn.', 6, 27, 'TV007');
INSERT INTO oto (nam_san_xuat, truyen_dong, loai_nhien_lieu, muc_tieu_thu, bien_so, trang_thai, gia, ngay_tao, mo_ta, mau_xe_id, dia_chi_id, doi_tac_id) VALUES (2022, N'Số sàn', N'Dầu', 11, '39B-993.11', 2, 906558, '2023-02-23 23:39:00', N'Xe đang được bảo trì hoặc đã được thuê dài hạn.', 3, 11, 'TV042');
INSERT INTO oto (nam_san_xuat, truyen_dong, loai_nhien_lieu, muc_tieu_thu, bien_so, trang_thai, gia, ngay_tao, mo_ta, mau_xe_id, dia_chi_id, doi_tac_id) VALUES (2022, N'Số sàn', N'Dầu', 11, '76Z-341.34', 3, 909552, '2023-06-28 12:05:25', N'Xe đang được bảo trì hoặc đã được thuê dài hạn.', 7, 18, 'TV036');
INSERT INTO oto (nam_san_xuat, truyen_dong, loai_nhien_lieu, muc_tieu_thu, bien_so, trang_thai, gia, ngay_tao, mo_ta, mau_xe_id, dia_chi_id, doi_tac_id) VALUES (2018, N'Tự động', N'Xăng', 10, '49H-284.48', 0, 557913, '2023-02-11 01:17:56', N'Xe đang được bảo trì hoặc đã được thuê dài hạn.', 49, 27, 'TV037');
INSERT INTO hop_dong_cho_thue (id, ngay_bat_dau, ngay_ket_thuc, ghi_chu, phan_tram_cua_doi_tac, ngay_tao, oto_id, trang_thai, quan_ly_id) VALUES (1, '2024-03-05 07:05:54', '2024-06-26 07:05:54', N'Hợp đồng cho thuê định kỳ giữa công ty và đối tác.', 63, '2024-02-26 03:01:23', 24, 1, 'TV003');
INSERT INTO hop_dong_cho_thue (id, ngay_bat_dau, ngay_ket_thuc, ghi_chu, phan_tram_cua_doi_tac, ngay_tao, oto_id, trang_thai, quan_ly_id) VALUES (2, '2023-09-19 08:01:53', '2023-12-28 08:01:53', N'Hợp đồng cho thuê định kỳ giữa công ty và đối tác.', 68, '2023-09-10 07:29:30', 33, 2, 'TV001');
INSERT INTO hop_dong_cho_thue (id, ngay_bat_dau, ngay_ket_thuc, ghi_chu, phan_tram_cua_doi_tac, ngay_tao, oto_id, trang_thai, quan_ly_id) VALUES (3, '2023-07-02 04:25:09', '2023-10-23 04:25:09', N'Hợp đồng cho thuê định kỳ giữa công ty và đối tác.', 71, '2023-06-25 13:01:05', 27, 1, 'TV035');
INSERT INTO hop_dong_cho_thue (id, ngay_bat_dau, ngay_ket_thuc, ghi_chu, phan_tram_cua_doi_tac, ngay_tao, oto_id, trang_thai, quan_ly_id) VALUES (4, '2023-05-27 16:57:06', '2024-01-16 16:57:06', N'Hợp đồng cho thuê định kỳ giữa công ty và đối tác.', 64, '2023-05-18 23:06:51', 15, 1, 'TV039');
INSERT INTO hop_dong_cho_thue (id, ngay_bat_dau, ngay_ket_thuc, ghi_chu, phan_tram_cua_doi_tac, ngay_tao, oto_id, trang_thai, quan_ly_id) VALUES (5, '2023-06-20 14:14:42', '2024-05-07 14:14:42', N'Hợp đồng cho thuê định kỳ giữa công ty và đối tác.', 72, '2023-06-10 20:46:04', 31, 2, 'TV015');
INSERT INTO hop_dong_cho_thue (id, ngay_bat_dau, ngay_ket_thuc, ghi_chu, phan_tram_cua_doi_tac, ngay_tao, oto_id, trang_thai, quan_ly_id) VALUES (6, '2023-03-07 14:14:04', '2023-08-15 14:14:04', N'Hợp đồng cho thuê định kỳ giữa công ty và đối tác.', 70, '2023-02-28 22:01:56', 10, 2, 'TV039');
INSERT INTO hop_dong_cho_thue (id, ngay_bat_dau, ngay_ket_thuc, ghi_chu, phan_tram_cua_doi_tac, ngay_tao, oto_id, trang_thai, quan_ly_id) VALUES (7, '2024-01-31 05:49:22', '2025-01-21 05:49:22', N'Hợp đồng cho thuê định kỳ giữa công ty và đối tác.', 65, '2024-01-22 22:27:25', 15, 0, 'TV035');
INSERT INTO hop_dong_cho_thue (id, ngay_bat_dau, ngay_ket_thuc, ghi_chu, phan_tram_cua_doi_tac, ngay_tao, oto_id, trang_thai, quan_ly_id) VALUES (8, '2023-12-07 13:47:21', '2024-08-31 13:47:21', N'Hợp đồng cho thuê định kỳ giữa công ty và đối tác.', 72, '2023-12-03 05:55:36', 50, 1, 'TV035');
INSERT INTO hop_dong_cho_thue (id, ngay_bat_dau, ngay_ket_thuc, ghi_chu, phan_tram_cua_doi_tac, ngay_tao, oto_id, trang_thai, quan_ly_id) VALUES (9, '2023-11-09 15:27:50', '2024-10-21 15:27:50', N'Hợp đồng cho thuê định kỳ giữa công ty và đối tác.', 68, '2023-10-31 03:15:09', 16, 2, 'TV035');
INSERT INTO hop_dong_cho_thue (id, ngay_bat_dau, ngay_ket_thuc, ghi_chu, phan_tram_cua_doi_tac, ngay_tao, oto_id, trang_thai, quan_ly_id) VALUES (10, '2023-06-27 08:33:30', '2024-02-07 08:33:30', N'Hợp đồng cho thuê định kỳ giữa công ty và đối tác.', 75, '2023-06-21 22:55:25', 4, 0, 'TV003');
INSERT INTO hop_dong_cho_thue (id, ngay_bat_dau, ngay_ket_thuc, ghi_chu, phan_tram_cua_doi_tac, ngay_tao, oto_id, trang_thai, quan_ly_id) VALUES (11, '2023-01-20 01:38:38', '2023-10-23 01:38:38', N'Hợp đồng cho thuê định kỳ giữa công ty và đối tác.', 69, '2023-01-15 02:08:07', 3, 0, 'TV001');
INSERT INTO hop_dong_cho_thue (id, ngay_bat_dau, ngay_ket_thuc, ghi_chu, phan_tram_cua_doi_tac, ngay_tao, oto_id, trang_thai, quan_ly_id) VALUES (12, '2023-09-30 20:50:42', '2024-09-12 20:50:42', N'Hợp đồng cho thuê định kỳ giữa công ty và đối tác.', 80, '2023-09-26 14:50:38', 47, 0, 'TV015');
INSERT INTO hop_dong_cho_thue (id, ngay_bat_dau, ngay_ket_thuc, ghi_chu, phan_tram_cua_doi_tac, ngay_tao, oto_id, trang_thai, quan_ly_id) VALUES (13, '2024-01-30 19:52:19', '2024-04-16 19:52:19', N'Hợp đồng cho thuê định kỳ giữa công ty và đối tác.', 80, '2024-01-22 06:42:18', 50, 1, 'TV039');
INSERT INTO hop_dong_cho_thue (id, ngay_bat_dau, ngay_ket_thuc, ghi_chu, phan_tram_cua_doi_tac, ngay_tao, oto_id, trang_thai, quan_ly_id) VALUES (14, '2023-12-21 13:48:02', '2024-05-06 13:48:02', N'Hợp đồng cho thuê định kỳ giữa công ty và đối tác.', 64, '2023-12-16 21:48:14', 4, 1, 'TV015');
INSERT INTO hop_dong_cho_thue (id, ngay_bat_dau, ngay_ket_thuc, ghi_chu, phan_tram_cua_doi_tac, ngay_tao, oto_id, trang_thai, quan_ly_id) VALUES (15, '2024-02-28 22:06:13', '2024-10-11 22:06:13', N'Hợp đồng cho thuê định kỳ giữa công ty và đối tác.', 64, '2024-02-20 04:03:34', 42, 1, 'TV003');
INSERT INTO hop_dong_cho_thue (id, ngay_bat_dau, ngay_ket_thuc, ghi_chu, phan_tram_cua_doi_tac, ngay_tao, oto_id, trang_thai, quan_ly_id) VALUES (16, '2024-04-11 05:26:21', '2024-06-15 05:26:21', N'Hợp đồng cho thuê định kỳ giữa công ty và đối tác.', 69, '2024-04-09 10:29:55', 33, 0, 'TV001');
INSERT INTO hop_dong_cho_thue (id, ngay_bat_dau, ngay_ket_thuc, ghi_chu, phan_tram_cua_doi_tac, ngay_tao, oto_id, trang_thai, quan_ly_id) VALUES (17, '2024-05-17 13:30:34', '2024-09-30 13:30:34', N'Hợp đồng cho thuê định kỳ giữa công ty và đối tác.', 71, '2024-05-09 01:29:40', 36, 0, 'TV035');
INSERT INTO hop_dong_cho_thue (id, ngay_bat_dau, ngay_ket_thuc, ghi_chu, phan_tram_cua_doi_tac, ngay_tao, oto_id, trang_thai, quan_ly_id) VALUES (18, '2024-04-27 09:19:43', '2024-07-30 09:19:43', N'Hợp đồng cho thuê định kỳ giữa công ty và đối tác.', 71, '2024-04-26 03:23:05', 12, 2, 'TV035');
INSERT INTO hop_dong_cho_thue (id, ngay_bat_dau, ngay_ket_thuc, ghi_chu, phan_tram_cua_doi_tac, ngay_tao, oto_id, trang_thai, quan_ly_id) VALUES (19, '2023-08-04 06:26:46', '2024-07-09 06:26:46', N'Hợp đồng cho thuê định kỳ giữa công ty và đối tác.', 77, '2023-08-02 01:03:30', 1, 2, 'TV003');
INSERT INTO hop_dong_cho_thue (id, ngay_bat_dau, ngay_ket_thuc, ghi_chu, phan_tram_cua_doi_tac, ngay_tao, oto_id, trang_thai, quan_ly_id) VALUES (20, '2024-06-07 10:28:53', '2025-01-18 10:28:53', N'Hợp đồng cho thuê định kỳ giữa công ty và đối tác.', 60, '2024-06-04 00:23:05', 28, 2, 'TV001');
INSERT INTO hop_dong_cho_thue (id, ngay_bat_dau, ngay_ket_thuc, ghi_chu, phan_tram_cua_doi_tac, ngay_tao, oto_id, trang_thai, quan_ly_id) VALUES (21, '2024-06-05 07:38:27', '2024-07-11 07:38:27', N'Hợp đồng cho thuê định kỳ giữa công ty và đối tác.', 71, '2024-05-29 04:01:52', 7, 1, 'TV015');
INSERT INTO hop_dong_cho_thue (id, ngay_bat_dau, ngay_ket_thuc, ghi_chu, phan_tram_cua_doi_tac, ngay_tao, oto_id, trang_thai, quan_ly_id) VALUES (22, '2024-01-07 02:23:03', '2024-05-20 02:23:03', N'Hợp đồng cho thuê định kỳ giữa công ty và đối tác.', 73, '2023-12-31 04:33:32', 44, 0, 'TV039');
INSERT INTO hop_dong_cho_thue (id, ngay_bat_dau, ngay_ket_thuc, ghi_chu, phan_tram_cua_doi_tac, ngay_tao, oto_id, trang_thai, quan_ly_id) VALUES (23, '2023-02-05 19:29:54', '2023-12-17 19:29:54', N'Hợp đồng cho thuê định kỳ giữa công ty và đối tác.', 73, '2023-01-27 02:09:47', 23, 1, 'TV003');
INSERT INTO hop_dong_cho_thue (id, ngay_bat_dau, ngay_ket_thuc, ghi_chu, phan_tram_cua_doi_tac, ngay_tao, oto_id, trang_thai, quan_ly_id) VALUES (24, '2024-05-27 20:12:05', '2025-01-19 20:12:05', N'Hợp đồng cho thuê định kỳ giữa công ty và đối tác.', 61, '2024-05-23 01:56:43', 13, 2, 'TV015');
INSERT INTO hop_dong_cho_thue (id, ngay_bat_dau, ngay_ket_thuc, ghi_chu, phan_tram_cua_doi_tac, ngay_tao, oto_id, trang_thai, quan_ly_id) VALUES (25, '2024-03-04 18:47:41', '2024-08-06 18:47:41', N'Hợp đồng cho thuê định kỳ giữa công ty và đối tác.', 70, '2024-03-02 14:00:22', 48, 2, 'TV035');
INSERT INTO hop_dong_cho_thue (id, ngay_bat_dau, ngay_ket_thuc, ghi_chu, phan_tram_cua_doi_tac, ngay_tao, oto_id, trang_thai, quan_ly_id) VALUES (26, '2023-09-10 19:33:01', '2024-02-18 19:33:01', N'Hợp đồng cho thuê định kỳ giữa công ty và đối tác.', 79, '2023-09-07 15:50:14', 15, 0, 'TV003');
INSERT INTO hop_dong_cho_thue (id, ngay_bat_dau, ngay_ket_thuc, ghi_chu, phan_tram_cua_doi_tac, ngay_tao, oto_id, trang_thai, quan_ly_id) VALUES (27, '2023-09-30 17:05:24', '2024-04-30 17:05:24', N'Hợp đồng cho thuê định kỳ giữa công ty và đối tác.', 73, '2023-09-24 18:56:58', 30, 0, 'TV035');
INSERT INTO hop_dong_cho_thue (id, ngay_bat_dau, ngay_ket_thuc, ghi_chu, phan_tram_cua_doi_tac, ngay_tao, oto_id, trang_thai, quan_ly_id) VALUES (28, '2024-04-11 11:09:56', '2024-06-17 11:09:56', N'Hợp đồng cho thuê định kỳ giữa công ty và đối tác.', 78, '2024-04-10 11:05:24', 31, 0, 'TV035');
INSERT INTO hop_dong_cho_thue (id, ngay_bat_dau, ngay_ket_thuc, ghi_chu, phan_tram_cua_doi_tac, ngay_tao, oto_id, trang_thai, quan_ly_id) VALUES (29, '2023-02-13 07:35:54', '2023-03-31 07:35:54', N'Hợp đồng cho thuê định kỳ giữa công ty và đối tác.', 69, '2023-02-04 00:12:20', 19, 1, 'TV035');
INSERT INTO hop_dong_cho_thue (id, ngay_bat_dau, ngay_ket_thuc, ghi_chu, phan_tram_cua_doi_tac, ngay_tao, oto_id, trang_thai, quan_ly_id) VALUES (30, '2023-06-01 17:39:25', '2024-05-16 17:39:25', N'Hợp đồng cho thuê định kỳ giữa công ty và đối tác.', 68, '2023-05-23 21:22:34', 15, 2, 'TV003');
INSERT INTO hop_dong_cho_thue (id, ngay_bat_dau, ngay_ket_thuc, ghi_chu, phan_tram_cua_doi_tac, ngay_tao, oto_id, trang_thai, quan_ly_id) VALUES (31, '2023-04-09 17:47:56', '2023-06-12 17:47:56', N'Hợp đồng cho thuê định kỳ giữa công ty và đối tác.', 66, '2023-04-02 02:12:26', 1, 1, 'TV035');
INSERT INTO hop_dong_cho_thue (id, ngay_bat_dau, ngay_ket_thuc, ghi_chu, phan_tram_cua_doi_tac, ngay_tao, oto_id, trang_thai, quan_ly_id) VALUES (32, '2023-05-15 03:49:37', '2024-01-28 03:49:37', N'Hợp đồng cho thuê định kỳ giữa công ty và đối tác.', 78, '2023-05-10 13:22:55', 36, 1, 'TV001');
INSERT INTO hop_dong_cho_thue (id, ngay_bat_dau, ngay_ket_thuc, ghi_chu, phan_tram_cua_doi_tac, ngay_tao, oto_id, trang_thai, quan_ly_id) VALUES (33, '2023-12-13 14:01:30', '2024-06-28 14:01:30', N'Hợp đồng cho thuê định kỳ giữa công ty và đối tác.', 79, '2023-12-03 16:04:42', 19, 2, 'TV035');
INSERT INTO hop_dong_cho_thue (id, ngay_bat_dau, ngay_ket_thuc, ghi_chu, phan_tram_cua_doi_tac, ngay_tao, oto_id, trang_thai, quan_ly_id) VALUES (34, '2023-12-23 17:48:48', '2024-07-24 17:48:48', N'Hợp đồng cho thuê định kỳ giữa công ty và đối tác.', 65, '2023-12-16 11:04:05', 28, 2, 'TV035');
INSERT INTO hop_dong_cho_thue (id, ngay_bat_dau, ngay_ket_thuc, ghi_chu, phan_tram_cua_doi_tac, ngay_tao, oto_id, trang_thai, quan_ly_id) VALUES (35, '2023-12-30 05:34:59', '2024-09-24 05:34:59', N'Hợp đồng cho thuê định kỳ giữa công ty và đối tác.', 64, '2023-12-24 09:33:26', 1, 0, 'TV039');
INSERT INTO hop_dong_cho_thue (id, ngay_bat_dau, ngay_ket_thuc, ghi_chu, phan_tram_cua_doi_tac, ngay_tao, oto_id, trang_thai, quan_ly_id) VALUES (36, '2024-02-25 05:53:42', '2024-05-14 05:53:42', N'Hợp đồng cho thuê định kỳ giữa công ty và đối tác.', 76, '2024-02-23 14:53:18', 34, 1, 'TV015');
INSERT INTO hop_dong_cho_thue (id, ngay_bat_dau, ngay_ket_thuc, ghi_chu, phan_tram_cua_doi_tac, ngay_tao, oto_id, trang_thai, quan_ly_id) VALUES (37, '2024-01-02 18:14:02', '2024-08-12 18:14:02', N'Hợp đồng cho thuê định kỳ giữa công ty và đối tác.', 67, '2023-12-29 20:02:59', 41, 2, 'TV035');
INSERT INTO hop_dong_cho_thue (id, ngay_bat_dau, ngay_ket_thuc, ghi_chu, phan_tram_cua_doi_tac, ngay_tao, oto_id, trang_thai, quan_ly_id) VALUES (38, '2024-06-23 21:15:55', '2024-08-06 21:15:55', N'Hợp đồng cho thuê định kỳ giữa công ty và đối tác.', 70, '2024-06-18 06:47:13', 3, 1, 'TV015');
INSERT INTO hop_dong_cho_thue (id, ngay_bat_dau, ngay_ket_thuc, ghi_chu, phan_tram_cua_doi_tac, ngay_tao, oto_id, trang_thai, quan_ly_id) VALUES (39, '2023-04-16 08:29:11', '2023-09-08 08:29:11', N'Hợp đồng cho thuê định kỳ giữa công ty và đối tác.', 70, '2023-04-13 03:02:49', 46, 0, 'TV035');
INSERT INTO hop_dong_cho_thue (id, ngay_bat_dau, ngay_ket_thuc, ghi_chu, phan_tram_cua_doi_tac, ngay_tao, oto_id, trang_thai, quan_ly_id) VALUES (40, '2024-03-07 12:29:46', '2024-12-24 12:29:46', N'Hợp đồng cho thuê định kỳ giữa công ty và đối tác.', 66, '2024-03-04 17:31:59', 44, 0, 'TV035');
INSERT INTO hop_dong_cho_thue (id, ngay_bat_dau, ngay_ket_thuc, ghi_chu, phan_tram_cua_doi_tac, ngay_tao, oto_id, trang_thai, quan_ly_id) VALUES (41, '2023-06-15 13:25:44', '2023-12-07 13:25:44', N'Hợp đồng cho thuê định kỳ giữa công ty và đối tác.', 61, '2023-06-09 14:01:39', 8, 2, 'TV003');
INSERT INTO hop_dong_cho_thue (id, ngay_bat_dau, ngay_ket_thuc, ghi_chu, phan_tram_cua_doi_tac, ngay_tao, oto_id, trang_thai, quan_ly_id) VALUES (42, '2023-12-02 18:19:47', '2024-07-27 18:19:47', N'Hợp đồng cho thuê định kỳ giữa công ty và đối tác.', 65, '2023-12-01 08:35:23', 45, 0, 'TV015');
INSERT INTO hop_dong_cho_thue (id, ngay_bat_dau, ngay_ket_thuc, ghi_chu, phan_tram_cua_doi_tac, ngay_tao, oto_id, trang_thai, quan_ly_id) VALUES (43, '2024-04-09 04:05:51', '2025-03-15 04:05:51', N'Hợp đồng cho thuê định kỳ giữa công ty và đối tác.', 80, '2024-04-03 22:14:21', 24, 0, 'TV039');
INSERT INTO hop_dong_cho_thue (id, ngay_bat_dau, ngay_ket_thuc, ghi_chu, phan_tram_cua_doi_tac, ngay_tao, oto_id, trang_thai, quan_ly_id) VALUES (44, '2023-05-09 21:48:59', '2024-02-02 21:48:59', N'Hợp đồng cho thuê định kỳ giữa công ty và đối tác.', 75, '2023-05-05 02:29:54', 41, 2, 'TV035');
INSERT INTO hop_dong_cho_thue (id, ngay_bat_dau, ngay_ket_thuc, ghi_chu, phan_tram_cua_doi_tac, ngay_tao, oto_id, trang_thai, quan_ly_id) VALUES (45, '2023-01-26 08:24:33', '2023-12-24 08:24:33', N'Hợp đồng cho thuê định kỳ giữa công ty và đối tác.', 73, '2023-01-16 21:25:35', 7, 0, 'TV039');
INSERT INTO hop_dong_cho_thue (id, ngay_bat_dau, ngay_ket_thuc, ghi_chu, phan_tram_cua_doi_tac, ngay_tao, oto_id, trang_thai, quan_ly_id) VALUES (46, '2023-09-02 05:23:14', '2024-02-28 05:23:14', N'Hợp đồng cho thuê định kỳ giữa công ty và đối tác.', 70, '2023-08-28 19:28:03', 7, 2, 'TV003');
INSERT INTO hop_dong_cho_thue (id, ngay_bat_dau, ngay_ket_thuc, ghi_chu, phan_tram_cua_doi_tac, ngay_tao, oto_id, trang_thai, quan_ly_id) VALUES (47, '2023-07-15 10:07:42', '2024-03-03 10:07:42', N'Hợp đồng cho thuê định kỳ giữa công ty và đối tác.', 61, '2023-07-09 02:54:19', 15, 0, 'TV035');
INSERT INTO hop_dong_cho_thue (id, ngay_bat_dau, ngay_ket_thuc, ghi_chu, phan_tram_cua_doi_tac, ngay_tao, oto_id, trang_thai, quan_ly_id) VALUES (48, '2023-05-21 03:07:06', '2024-03-06 03:07:06', N'Hợp đồng cho thuê định kỳ giữa công ty và đối tác.', 77, '2023-05-18 09:08:32', 39, 0, 'TV003');
INSERT INTO hop_dong_cho_thue (id, ngay_bat_dau, ngay_ket_thuc, ghi_chu, phan_tram_cua_doi_tac, ngay_tao, oto_id, trang_thai, quan_ly_id) VALUES (49, '2023-04-20 06:49:54', '2023-10-21 06:49:54', N'Hợp đồng cho thuê định kỳ giữa công ty và đối tác.', 60, '2023-04-17 16:12:19', 28, 2, 'TV015');
INSERT INTO hop_dong_cho_thue (id, ngay_bat_dau, ngay_ket_thuc, ghi_chu, phan_tram_cua_doi_tac, ngay_tao, oto_id, trang_thai, quan_ly_id) VALUES (50, '2024-06-26 21:28:15', '2024-08-19 21:28:15', N'Hợp đồng cho thuê định kỳ giữa công ty và đối tác.', 77, '2024-06-17 04:28:26', 1, 0, 'TV039');
INSERT INTO tien_nghi_duoc_chon (id, oto_id, tien_nghi_id) VALUES (1, 32, 8);
INSERT INTO tien_nghi_duoc_chon (id, oto_id, tien_nghi_id) VALUES (2, 41, 6);
INSERT INTO tien_nghi_duoc_chon (id, oto_id, tien_nghi_id) VALUES (3, 35, 6);
INSERT INTO tien_nghi_duoc_chon (id, oto_id, tien_nghi_id) VALUES (4, 16, 1);
INSERT INTO tien_nghi_duoc_chon (id, oto_id, tien_nghi_id) VALUES (5, 36, 12);
INSERT INTO tien_nghi_duoc_chon (id, oto_id, tien_nghi_id) VALUES (6, 49, 2);
INSERT INTO tien_nghi_duoc_chon (id, oto_id, tien_nghi_id) VALUES (7, 17, 3);
INSERT INTO tien_nghi_duoc_chon (id, oto_id, tien_nghi_id) VALUES (8, 4, 4);
INSERT INTO tien_nghi_duoc_chon (id, oto_id, tien_nghi_id) VALUES (9, 9, 7);
INSERT INTO tien_nghi_duoc_chon (id, oto_id, tien_nghi_id) VALUES (10, 40, 1);
INSERT INTO tien_nghi_duoc_chon (id, oto_id, tien_nghi_id) VALUES (11, 1, 9);
INSERT INTO tien_nghi_duoc_chon (id, oto_id, tien_nghi_id) VALUES (12, 3, 13);
INSERT INTO tien_nghi_duoc_chon (id, oto_id, tien_nghi_id) VALUES (13, 28, 15);
INSERT INTO tien_nghi_duoc_chon (id, oto_id, tien_nghi_id) VALUES (14, 29, 5);
INSERT INTO tien_nghi_duoc_chon (id, oto_id, tien_nghi_id) VALUES (15, 5, 7);
INSERT INTO tien_nghi_duoc_chon (id, oto_id, tien_nghi_id) VALUES (16, 3, 3);
INSERT INTO tien_nghi_duoc_chon (id, oto_id, tien_nghi_id) VALUES (17, 12, 1);
INSERT INTO tien_nghi_duoc_chon (id, oto_id, tien_nghi_id) VALUES (18, 33, 10);
INSERT INTO tien_nghi_duoc_chon (id, oto_id, tien_nghi_id) VALUES (19, 36, 8);
INSERT INTO tien_nghi_duoc_chon (id, oto_id, tien_nghi_id) VALUES (20, 19, 12);
INSERT INTO tien_nghi_duoc_chon (id, oto_id, tien_nghi_id) VALUES (21, 38, 6);
INSERT INTO tien_nghi_duoc_chon (id, oto_id, tien_nghi_id) VALUES (22, 15, 1);
INSERT INTO tien_nghi_duoc_chon (id, oto_id, tien_nghi_id) VALUES (23, 4, 11);
INSERT INTO tien_nghi_duoc_chon (id, oto_id, tien_nghi_id) VALUES (24, 32, 4);
INSERT INTO tien_nghi_duoc_chon (id, oto_id, tien_nghi_id) VALUES (25, 3, 4);
INSERT INTO tien_nghi_duoc_chon (id, oto_id, tien_nghi_id) VALUES (26, 46, 9);
INSERT INTO tien_nghi_duoc_chon (id, oto_id, tien_nghi_id) VALUES (27, 22, 8);
INSERT INTO tien_nghi_duoc_chon (id, oto_id, tien_nghi_id) VALUES (28, 26, 1);
INSERT INTO tien_nghi_duoc_chon (id, oto_id, tien_nghi_id) VALUES (29, 8, 12);
INSERT INTO tien_nghi_duoc_chon (id, oto_id, tien_nghi_id) VALUES (30, 49, 11);
INSERT INTO tien_nghi_duoc_chon (id, oto_id, tien_nghi_id) VALUES (31, 39, 7);
INSERT INTO tien_nghi_duoc_chon (id, oto_id, tien_nghi_id) VALUES (32, 9, 4);
INSERT INTO tien_nghi_duoc_chon (id, oto_id, tien_nghi_id) VALUES (33, 25, 8);
INSERT INTO tien_nghi_duoc_chon (id, oto_id, tien_nghi_id) VALUES (34, 35, 5);
INSERT INTO tien_nghi_duoc_chon (id, oto_id, tien_nghi_id) VALUES (35, 1, 12);
INSERT INTO tien_nghi_duoc_chon (id, oto_id, tien_nghi_id) VALUES (36, 26, 12);
INSERT INTO tien_nghi_duoc_chon (id, oto_id, tien_nghi_id) VALUES (37, 21, 2);
INSERT INTO tien_nghi_duoc_chon (id, oto_id, tien_nghi_id) VALUES (38, 13, 13);
INSERT INTO tien_nghi_duoc_chon (id, oto_id, tien_nghi_id) VALUES (39, 31, 13);
INSERT INTO tien_nghi_duoc_chon (id, oto_id, tien_nghi_id) VALUES (40, 46, 10);
INSERT INTO tien_nghi_duoc_chon (id, oto_id, tien_nghi_id) VALUES (41, 50, 3);
INSERT INTO tien_nghi_duoc_chon (id, oto_id, tien_nghi_id) VALUES (42, 20, 2);
INSERT INTO tien_nghi_duoc_chon (id, oto_id, tien_nghi_id) VALUES (43, 2, 11);
INSERT INTO tien_nghi_duoc_chon (id, oto_id, tien_nghi_id) VALUES (44, 46, 11);
INSERT INTO tien_nghi_duoc_chon (id, oto_id, tien_nghi_id) VALUES (45, 35, 2);
INSERT INTO tien_nghi_duoc_chon (id, oto_id, tien_nghi_id) VALUES (46, 12, 2);
INSERT INTO tien_nghi_duoc_chon (id, oto_id, tien_nghi_id) VALUES (47, 34, 1);
INSERT INTO tien_nghi_duoc_chon (id, oto_id, tien_nghi_id) VALUES (48, 5, 1);
INSERT INTO tien_nghi_duoc_chon (id, oto_id, tien_nghi_id) VALUES (49, 29, 6);
INSERT INTO tien_nghi_duoc_chon (id, oto_id, tien_nghi_id) VALUES (50, 9, 5);
INSERT INTO tien_nghi_duoc_chon (id, oto_id, tien_nghi_id) VALUES (51, 42, 8);
INSERT INTO tien_nghi_duoc_chon (id, oto_id, tien_nghi_id) VALUES (52, 38, 6);
INSERT INTO tien_nghi_duoc_chon (id, oto_id, tien_nghi_id) VALUES (53, 8, 12);
INSERT INTO tien_nghi_duoc_chon (id, oto_id, tien_nghi_id) VALUES (54, 12, 10);
INSERT INTO tien_nghi_duoc_chon (id, oto_id, tien_nghi_id) VALUES (55, 21, 9);
INSERT INTO tien_nghi_duoc_chon (id, oto_id, tien_nghi_id) VALUES (56, 1, 14);
INSERT INTO tien_nghi_duoc_chon (id, oto_id, tien_nghi_id) VALUES (57, 11, 8);
INSERT INTO tien_nghi_duoc_chon (id, oto_id, tien_nghi_id) VALUES (58, 20, 14);
INSERT INTO tien_nghi_duoc_chon (id, oto_id, tien_nghi_id) VALUES (59, 39, 2);
INSERT INTO tien_nghi_duoc_chon (id, oto_id, tien_nghi_id) VALUES (60, 46, 4);
INSERT INTO tien_nghi_duoc_chon (id, oto_id, tien_nghi_id) VALUES (61, 17, 1);
INSERT INTO tien_nghi_duoc_chon (id, oto_id, tien_nghi_id) VALUES (62, 26, 7);
INSERT INTO tien_nghi_duoc_chon (id, oto_id, tien_nghi_id) VALUES (63, 3, 8);
INSERT INTO tien_nghi_duoc_chon (id, oto_id, tien_nghi_id) VALUES (64, 7, 15);
INSERT INTO tien_nghi_duoc_chon (id, oto_id, tien_nghi_id) VALUES (65, 15, 15);
INSERT INTO tien_nghi_duoc_chon (id, oto_id, tien_nghi_id) VALUES (66, 25, 4);
INSERT INTO tien_nghi_duoc_chon (id, oto_id, tien_nghi_id) VALUES (67, 9, 8);
INSERT INTO tien_nghi_duoc_chon (id, oto_id, tien_nghi_id) VALUES (68, 43, 3);
INSERT INTO tien_nghi_duoc_chon (id, oto_id, tien_nghi_id) VALUES (69, 24, 3);
INSERT INTO tien_nghi_duoc_chon (id, oto_id, tien_nghi_id) VALUES (70, 41, 5);
INSERT INTO tien_nghi_duoc_chon (id, oto_id, tien_nghi_id) VALUES (71, 13, 6);
INSERT INTO tien_nghi_duoc_chon (id, oto_id, tien_nghi_id) VALUES (72, 35, 2);
INSERT INTO tien_nghi_duoc_chon (id, oto_id, tien_nghi_id) VALUES (73, 46, 11);
INSERT INTO tien_nghi_duoc_chon (id, oto_id, tien_nghi_id) VALUES (74, 11, 6);
INSERT INTO tien_nghi_duoc_chon (id, oto_id, tien_nghi_id) VALUES (75, 44, 4);
INSERT INTO anh_cua_xe (id, giay_to_xe, oto_id, thumnail) VALUES (50, False, 5, True);
INSERT INTO anh_cua_xe (id, giay_to_xe, oto_id, thumnail) VALUES (64, False, 25, False);
INSERT INTO anh_cua_xe (id, giay_to_xe, oto_id, thumnail) VALUES (32, False, 49, True);
INSERT INTO anh_cua_xe (id, giay_to_xe, oto_id, thumnail) VALUES (20, False, 10, True);
INSERT INTO anh_cua_xe (id, giay_to_xe, oto_id, thumnail) VALUES (48, False, 27, False);
INSERT INTO anh_cua_xe (id, giay_to_xe, oto_id, thumnail) VALUES (28, False, 24, True);
INSERT INTO anh_cua_xe (id, giay_to_xe, oto_id, thumnail) VALUES (52, False, 7, False);
INSERT INTO anh_cua_xe (id, giay_to_xe, oto_id, thumnail) VALUES (10, True, 49, True);
INSERT INTO anh_cua_xe (id, giay_to_xe, oto_id, thumnail) VALUES (42, True, 30, True);
INSERT INTO anh_cua_xe (id, giay_to_xe, oto_id, thumnail) VALUES (88, False, 21, False);
INSERT INTO anh_cua_xe (id, giay_to_xe, oto_id, thumnail) VALUES (22, False, 38, True);
INSERT INTO anh_cua_xe (id, giay_to_xe, oto_id, thumnail) VALUES (58, False, 48, False);
INSERT INTO anh_cua_xe (id, giay_to_xe, oto_id, thumnail) VALUES (78, False, 36, False);
INSERT INTO anh_cua_xe (id, giay_to_xe, oto_id, thumnail) VALUES (44, False, 37, True);
INSERT INTO anh_cua_xe (id, giay_to_xe, oto_id, thumnail) VALUES (36, False, 9, True);
INSERT INTO anh_cua_xe (id, giay_to_xe, oto_id, thumnail) VALUES (70, False, 26, False);
INSERT INTO anh_cua_xe (id, giay_to_xe, oto_id, thumnail) VALUES (100, False, 26, False);
INSERT INTO anh_cua_xe (id, giay_to_xe, oto_id, thumnail) VALUES (12, False, 39, False);
INSERT INTO anh_cua_xe (id, giay_to_xe, oto_id, thumnail) VALUES (40, False, 31, True);
INSERT INTO anh_cua_xe (id, giay_to_xe, oto_id, thumnail) VALUES (82, True, 10, False);
INSERT INTO anh_cua_xe (id, giay_to_xe, oto_id, thumnail) VALUES (16, False, 10, True);
INSERT INTO anh_cua_xe (id, giay_to_xe, oto_id, thumnail) VALUES (94, False, 22, False);
INSERT INTO anh_cua_xe (id, giay_to_xe, oto_id, thumnail) VALUES (38, True, 12, True);
INSERT INTO anh_cua_xe (id, giay_to_xe, oto_id, thumnail) VALUES (6, False, 27, True);
INSERT INTO anh_cua_xe (id, giay_to_xe, oto_id, thumnail) VALUES (56, False, 33, False);
INSERT INTO anh_cua_xe (id, giay_to_xe, oto_id, thumnail) VALUES (18, False, 45, False);
INSERT INTO anh_cua_xe (id, giay_to_xe, oto_id, thumnail) VALUES (2, False, 35, False);
INSERT INTO anh_cua_xe (id, giay_to_xe, oto_id, thumnail) VALUES (74, True, 12, True);
INSERT INTO anh_cua_xe (id, giay_to_xe, oto_id, thumnail) VALUES (34, False, 7, False);
INSERT INTO anh_cua_xe (id, giay_to_xe, oto_id, thumnail) VALUES (90, False, 5, True);
INSERT INTO anh_cua_xe (id, giay_to_xe, oto_id, thumnail) VALUES (30, False, 8, True);
INSERT INTO anh_cua_xe (id, giay_to_xe, oto_id, thumnail) VALUES (14, False, 30, False);
INSERT INTO anh_cua_xe (id, giay_to_xe, oto_id, thumnail) VALUES (54, False, 37, True);
INSERT INTO anh_cua_xe (id, giay_to_xe, oto_id, thumnail) VALUES (4, False, 9, True);
INSERT INTO anh_cua_xe (id, giay_to_xe, oto_id, thumnail) VALUES (96, False, 9, True);
INSERT INTO anh_cua_xe (id, giay_to_xe, oto_id, thumnail) VALUES (66, False, 17, False);
INSERT INTO anh_cua_xe (id, giay_to_xe, oto_id, thumnail) VALUES (60, False, 9, True);
INSERT INTO anh_cua_xe (id, giay_to_xe, oto_id, thumnail) VALUES (76, False, 45, False);
INSERT INTO anh_cua_xe (id, giay_to_xe, oto_id, thumnail) VALUES (24, True, 7, False);
INSERT INTO anh_cua_xe (id, giay_to_xe, oto_id, thumnail) VALUES (62, False, 23, True);
INSERT INTO anh_cua_xe (id, giay_to_xe, oto_id, thumnail) VALUES (92, False, 9, False);
INSERT INTO anh_cua_xe (id, giay_to_xe, oto_id, thumnail) VALUES (80, False, 33, False);
INSERT INTO anh_cua_xe (id, giay_to_xe, oto_id, thumnail) VALUES (86, True, 41, False);
INSERT INTO anh_cua_xe (id, giay_to_xe, oto_id, thumnail) VALUES (98, False, 17, False);
INSERT INTO anh_cua_xe (id, giay_to_xe, oto_id, thumnail) VALUES (68, False, 16, True);
INSERT INTO anh_cua_xe (id, giay_to_xe, oto_id, thumnail) VALUES (46, False, 34, True);
INSERT INTO anh_cua_xe (id, giay_to_xe, oto_id, thumnail) VALUES (84, False, 26, True);
INSERT INTO anh_cua_xe (id, giay_to_xe, oto_id, thumnail) VALUES (26, False, 21, True);
INSERT INTO anh_cua_xe (id, giay_to_xe, oto_id, thumnail) VALUES (72, True, 29, False);
INSERT INTO anh_cua_xe (id, giay_to_xe, oto_id, thumnail) VALUES (8, False, 26, False);
INSERT INTO hop_dong_thue (id, thoi_gian_nhan, thoi_gian_tra, trang_thai, gia, mo_ta, check_in, check_out, khach_hang_danh_gia_chu, khach_hang_danh_gia_so, ngay_danh_gia, da_thanh_toan_cho_doi_tac, oto_id, khach_hang_id) VALUES (1, '2025-04-10 03:58:08', '2025-04-25 03:58:08', 0, 30566820, N'Hợp đồng thuê xe cá nhân.', NULL, NULL, NULL, NULL, NULL, FALSE, 45, 'TV010');
INSERT INTO hop_dong_thue (id, thoi_gian_nhan, thoi_gian_tra, trang_thai, gia, mo_ta, check_in, check_out, khach_hang_danh_gia_chu, khach_hang_danh_gia_so, ngay_danh_gia, da_thanh_toan_cho_doi_tac, oto_id, khach_hang_id) VALUES (2, '2024-12-21 07:46:54', '2025-01-01 07:46:54', 0, 17687142, N'Hợp đồng thuê xe cá nhân.', NULL, NULL, NULL, NULL, NULL, FALSE, 2, 'TV047');
INSERT INTO hop_dong_thue (id, thoi_gian_nhan, thoi_gian_tra, trang_thai, gia, mo_ta, check_in, check_out, khach_hang_danh_gia_chu, khach_hang_danh_gia_so, ngay_danh_gia, da_thanh_toan_cho_doi_tac, oto_id, khach_hang_id) VALUES (3, '2025-05-20 11:39:33', '2025-05-21 11:39:33', 1, 2351099, N'Hợp đồng thuê xe cá nhân.', '2025-05-20 20:57:41', NULL, NULL, NULL, NULL, FALSE, 40, 'TV022');
INSERT INTO hop_dong_thue (id, thoi_gian_nhan, thoi_gian_tra, trang_thai, gia, mo_ta, check_in, check_out, khach_hang_danh_gia_chu, khach_hang_danh_gia_so, ngay_danh_gia, da_thanh_toan_cho_doi_tac, oto_id, khach_hang_id) VALUES (4, '2024-05-18 15:52:38', '2024-05-26 15:52:38', 1, 18277960, N'Hợp đồng thuê xe cá nhân.', '2024-05-19 00:47:52', NULL, NULL, NULL, NULL, FALSE, 35, 'TV022');
INSERT INTO hop_dong_thue (id, thoi_gian_nhan, thoi_gian_tra, trang_thai, gia, mo_ta, check_in, check_out, khach_hang_danh_gia_chu, khach_hang_danh_gia_so, ngay_danh_gia, da_thanh_toan_cho_doi_tac, oto_id, khach_hang_id) VALUES (5, '2025-04-25 12:29:53', '2025-05-07 12:29:53', 0, 17599680, N'Hợp đồng thuê xe cá nhân.', NULL, NULL, NULL, NULL, NULL, FALSE, 37, 'TV019');
INSERT INTO hop_dong_thue (id, thoi_gian_nhan, thoi_gian_tra, trang_thai, gia, mo_ta, check_in, check_out, khach_hang_danh_gia_chu, khach_hang_danh_gia_so, ngay_danh_gia, da_thanh_toan_cho_doi_tac, oto_id, khach_hang_id) VALUES (6, '2025-05-31 19:56:20', '2025-06-14 19:56:20', 2, 15670760, N'Hợp đồng đã bị hủy do thay đổi kế hoạch.', NULL, NULL, NULL, NULL, NULL, FALSE, 48, 'TV008');
INSERT INTO hop_dong_thue (id, thoi_gian_nhan, thoi_gian_tra, trang_thai, gia, mo_ta, check_in, check_out, khach_hang_danh_gia_chu, khach_hang_danh_gia_so, ngay_danh_gia, da_thanh_toan_cho_doi_tac, oto_id, khach_hang_id) VALUES (7, '2025-05-01 22:43:28', '2025-05-10 22:43:28', 2, 5552361, N'Hợp đồng đã bị hủy do thay đổi kế hoạch.', NULL, NULL, NULL, NULL, NULL, FALSE, 50, 'TV031');
INSERT INTO hop_dong_thue (id, thoi_gian_nhan, thoi_gian_tra, trang_thai, gia, mo_ta, check_in, check_out, khach_hang_danh_gia_chu, khach_hang_danh_gia_so, ngay_danh_gia, da_thanh_toan_cho_doi_tac, oto_id, khach_hang_id) VALUES (8, '2025-04-08 03:11:29', '2025-04-12 03:11:29', 0, 8510940, N'Hợp đồng thuê xe cá nhân.', NULL, NULL, NULL, NULL, NULL, FALSE, 21, 'TV020');
INSERT INTO hop_dong_thue (id, thoi_gian_nhan, thoi_gian_tra, trang_thai, gia, mo_ta, check_in, check_out, khach_hang_danh_gia_chu, khach_hang_danh_gia_so, ngay_danh_gia, da_thanh_toan_cho_doi_tac, oto_id, khach_hang_id) VALUES (9, '2024-01-08 03:32:17', '2024-01-17 03:32:17', 1, 8696691, N'Hợp đồng thuê xe cá nhân.', '2024-01-08 18:17:01', '2024-01-17 11:05:11', N'Rất hài lòng về xe và dịch vụ, sẽ thuê lại!', 3, '2024-01-18 16:28:22', TRUE, 35, 'TV031');
INSERT INTO hop_dong_thue (id, thoi_gian_nhan, thoi_gian_tra, trang_thai, gia, mo_ta, check_in, check_out, khach_hang_danh_gia_chu, khach_hang_danh_gia_so, ngay_danh_gia, da_thanh_toan_cho_doi_tac, oto_id, khach_hang_id) VALUES (10, '2024-09-09 22:44:19', '2024-09-22 22:44:19', 2, 15841475, N'Hợp đồng đã bị hủy do thay đổi kế hoạch.', NULL, NULL, NULL, NULL, NULL, FALSE, 37, 'TV032');
INSERT INTO hop_dong_thue (id, thoi_gian_nhan, thoi_gian_tra, trang_thai, gia, mo_ta, check_in, check_out, khach_hang_danh_gia_chu, khach_hang_danh_gia_so, ngay_danh_gia, da_thanh_toan_cho_doi_tac, oto_id, khach_hang_id) VALUES (11, '2024-12-27 08:00:53', '2025-01-10 08:00:53', 1, 23080176, N'Hợp đồng thuê xe cá nhân.', '2024-12-27 16:21:08', '2025-01-10 23:27:51', N'Rất hài lòng về xe và dịch vụ, sẽ thuê lại!', 5, '2025-01-12 23:09:08', TRUE, 1, 'TV043');
INSERT INTO hop_dong_thue (id, thoi_gian_nhan, thoi_gian_tra, trang_thai, gia, mo_ta, check_in, check_out, khach_hang_danh_gia_chu, khach_hang_danh_gia_so, ngay_danh_gia, da_thanh_toan_cho_doi_tac, oto_id, khach_hang_id) VALUES (12, '2024-09-10 16:13:48', '2024-09-17 16:13:48', 1, 5944218, N'Hợp đồng thuê xe cá nhân.', '2024-09-10 16:26:04', '2024-09-17 21:43:27', N'Chất lượng xe tạm được, có thể cải thiện thêm.', 5, '2024-09-19 01:51:05', TRUE, 31, 'TV030');
INSERT INTO hop_dong_thue (id, thoi_gian_nhan, thoi_gian_tra, trang_thai, gia, mo_ta, check_in, check_out, khach_hang_danh_gia_chu, khach_hang_danh_gia_so, ngay_danh_gia, da_thanh_toan_cho_doi_tac, oto_id, khach_hang_id) VALUES (13, '2024-03-05 04:16:20', '2024-03-17 04:16:20', 1, 24396120, N'Hợp đồng thuê xe cá nhân.', '2024-03-06 00:19:30', NULL, NULL, NULL, NULL, FALSE, 9, 'TV026');
INSERT INTO hop_dong_thue (id, thoi_gian_nhan, thoi_gian_tra, trang_thai, gia, mo_ta, check_in, check_out, khach_hang_danh_gia_chu, khach_hang_danh_gia_so, ngay_danh_gia, da_thanh_toan_cho_doi_tac, oto_id, khach_hang_id) VALUES (14, '2024-12-22 19:19:38', '2024-12-23 19:19:38', 1, 1116062, N'Hợp đồng thuê xe cá nhân.', '2024-12-23 17:00:41', NULL, NULL, NULL, NULL, FALSE, 4, 'TV010');
INSERT INTO hop_dong_thue (id, thoi_gian_nhan, thoi_gian_tra, trang_thai, gia, mo_ta, check_in, check_out, khach_hang_danh_gia_chu, khach_hang_danh_gia_so, ngay_danh_gia, da_thanh_toan_cho_doi_tac, oto_id, khach_hang_id) VALUES (15, '2025-01-01 22:50:50', '2025-01-11 22:50:50', 0, 17218830, N'Hợp đồng thuê xe cá nhân.', NULL, NULL, NULL, NULL, NULL, FALSE, 13, 'TV002');
INSERT INTO hop_dong_thue (id, thoi_gian_nhan, thoi_gian_tra, trang_thai, gia, mo_ta, check_in, check_out, khach_hang_danh_gia_chu, khach_hang_danh_gia_so, ngay_danh_gia, da_thanh_toan_cho_doi_tac, oto_id, khach_hang_id) VALUES (16, '2024-09-15 20:48:45', '2024-09-19 20:48:45', 0, 2844688, N'Hợp đồng thuê xe cá nhân.', NULL, NULL, NULL, NULL, NULL, FALSE, 44, 'TV045');
INSERT INTO hop_dong_thue (id, thoi_gian_nhan, thoi_gian_tra, trang_thai, gia, mo_ta, check_in, check_out, khach_hang_danh_gia_chu, khach_hang_danh_gia_so, ngay_danh_gia, da_thanh_toan_cho_doi_tac, oto_id, khach_hang_id) VALUES (17, '2025-06-26 20:25:18', '2025-07-04 20:25:18', 0, 5257592, N'Hợp đồng thuê xe cá nhân.', NULL, NULL, NULL, NULL, NULL, FALSE, 16, 'TV031');
INSERT INTO hop_dong_thue (id, thoi_gian_nhan, thoi_gian_tra, trang_thai, gia, mo_ta, check_in, check_out, khach_hang_danh_gia_chu, khach_hang_danh_gia_so, ngay_danh_gia, da_thanh_toan_cho_doi_tac, oto_id, khach_hang_id) VALUES (18, '2024-06-01 23:12:27', '2024-06-14 23:12:27', 0, 32391593, N'Hợp đồng thuê xe cá nhân.', NULL, NULL, NULL, NULL, NULL, FALSE, 2, 'TV016');
INSERT INTO hop_dong_thue (id, thoi_gian_nhan, thoi_gian_tra, trang_thai, gia, mo_ta, check_in, check_out, khach_hang_danh_gia_chu, khach_hang_danh_gia_so, ngay_danh_gia, da_thanh_toan_cho_doi_tac, oto_id, khach_hang_id) VALUES (19, '2024-11-23 03:32:55', '2024-12-01 03:32:55', 2, 13918048, N'Hợp đồng đã bị hủy do thay đổi kế hoạch.', NULL, NULL, NULL, NULL, NULL, FALSE, 16, 'TV032');
INSERT INTO hop_dong_thue (id, thoi_gian_nhan, thoi_gian_tra, trang_thai, gia, mo_ta, check_in, check_out, khach_hang_danh_gia_chu, khach_hang_danh_gia_so, ngay_danh_gia, da_thanh_toan_cho_doi_tac, oto_id, khach_hang_id) VALUES (20, '2025-01-15 03:33:29', '2025-01-17 03:33:29', 1, 1305702, N'Hợp đồng thuê xe cá nhân.', '2025-01-15 20:10:20', '2025-01-17 12:28:38', N'Rất hài lòng về xe và dịch vụ, sẽ thuê lại!', 3, '2025-01-17 14:44:03', TRUE, 19, 'TV034');
INSERT INTO hop_dong_thue (id, thoi_gian_nhan, thoi_gian_tra, trang_thai, gia, mo_ta, check_in, check_out, khach_hang_danh_gia_chu, khach_hang_danh_gia_so, ngay_danh_gia, da_thanh_toan_cho_doi_tac, oto_id, khach_hang_id) VALUES (21, '2024-06-07 17:38:27', '2024-06-22 17:38:27', 1, 13728210, N'Hợp đồng thuê xe cá nhân.', '2024-06-07 17:55:56', '2024-06-23 03:52:05', N'Chất lượng xe tạm được, có thể cải thiện thêm.', 3, '2024-06-24 00:36:48', TRUE, 18, 'TV005');
INSERT INTO hop_dong_thue (id, thoi_gian_nhan, thoi_gian_tra, trang_thai, gia, mo_ta, check_in, check_out, khach_hang_danh_gia_chu, khach_hang_danh_gia_so, ngay_danh_gia, da_thanh_toan_cho_doi_tac, oto_id, khach_hang_id) VALUES (22, '2025-05-12 06:35:20', '2025-05-26 06:35:20', 1, 20167238, N'Hợp đồng thuê xe cá nhân.', '2025-05-13 01:20:38', '2025-05-26 13:54:12', N'Chất lượng xe tạm được, có thể cải thiện thêm.', 3, '2025-05-28 13:01:17', TRUE, 19, 'TV010');
INSERT INTO hop_dong_thue (id, thoi_gian_nhan, thoi_gian_tra, trang_thai, gia, mo_ta, check_in, check_out, khach_hang_danh_gia_chu, khach_hang_danh_gia_so, ngay_danh_gia, da_thanh_toan_cho_doi_tac, oto_id, khach_hang_id) VALUES (23, '2024-04-07 10:12:46', '2024-04-08 10:12:46', 1, 541732, N'Hợp đồng thuê xe cá nhân.', '2024-04-07 20:28:27', NULL, NULL, NULL, NULL, FALSE, 15, 'TV020');
INSERT INTO hop_dong_thue (id, thoi_gian_nhan, thoi_gian_tra, trang_thai, gia, mo_ta, check_in, check_out, khach_hang_danh_gia_chu, khach_hang_danh_gia_so, ngay_danh_gia, da_thanh_toan_cho_doi_tac, oto_id, khach_hang_id) VALUES (24, '2024-04-17 03:48:40', '2024-04-21 03:48:40', 0, 7073212, N'Hợp đồng thuê xe cá nhân.', NULL, NULL, NULL, NULL, NULL, FALSE, 18, 'TV046');
INSERT INTO hop_dong_thue (id, thoi_gian_nhan, thoi_gian_tra, trang_thai, gia, mo_ta, check_in, check_out, khach_hang_danh_gia_chu, khach_hang_danh_gia_so, ngay_danh_gia, da_thanh_toan_cho_doi_tac, oto_id, khach_hang_id) VALUES (25, '2024-01-03 13:44:29', '2024-01-11 13:44:29', 0, 15603632, N'Hợp đồng thuê xe cá nhân.', NULL, NULL, NULL, NULL, NULL, FALSE, 22, 'TV030');
INSERT INTO hop_dong_thue (id, thoi_gian_nhan, thoi_gian_tra, trang_thai, gia, mo_ta, check_in, check_out, khach_hang_danh_gia_chu, khach_hang_danh_gia_so, ngay_danh_gia, da_thanh_toan_cho_doi_tac, oto_id, khach_hang_id) VALUES (26, '2025-04-20 06:26:35', '2025-04-27 06:26:35', 1, 6433364, N'Hợp đồng thuê xe cá nhân.', '2025-04-20 15:59:16', NULL, NULL, NULL, NULL, FALSE, 40, 'TV020');
INSERT INTO hop_dong_thue (id, thoi_gian_nhan, thoi_gian_tra, trang_thai, gia, mo_ta, check_in, check_out, khach_hang_danh_gia_chu, khach_hang_danh_gia_so, ngay_danh_gia, da_thanh_toan_cho_doi_tac, oto_id, khach_hang_id) VALUES (27, '2024-04-05 21:01:10', '2024-04-14 21:01:10', 1, 5335182, N'Hợp đồng thuê xe cá nhân.', '2024-04-06 09:47:26', '2024-04-15 15:21:20', N'Chất lượng xe tạm được, có thể cải thiện thêm.', 4, '2024-04-17 01:50:56', FALSE, 24, 'TV030');
INSERT INTO hop_dong_thue (id, thoi_gian_nhan, thoi_gian_tra, trang_thai, gia, mo_ta, check_in, check_out, khach_hang_danh_gia_chu, khach_hang_danh_gia_so, ngay_danh_gia, da_thanh_toan_cho_doi_tac, oto_id, khach_hang_id) VALUES (28, '2024-06-01 04:58:09', '2024-06-11 04:58:09', 2, 21814760, N'Hợp đồng đã bị hủy do thay đổi kế hoạch.', NULL, NULL, NULL, NULL, NULL, FALSE, 8, 'TV017');
INSERT INTO hop_dong_thue (id, thoi_gian_nhan, thoi_gian_tra, trang_thai, gia, mo_ta, check_in, check_out, khach_hang_danh_gia_chu, khach_hang_danh_gia_so, ngay_danh_gia, da_thanh_toan_cho_doi_tac, oto_id, khach_hang_id) VALUES (29, '2025-03-06 00:15:14', '2025-03-18 00:15:14', 0, 8246724, N'Hợp đồng thuê xe cá nhân.', NULL, NULL, NULL, NULL, NULL, FALSE, 3, 'TV028');
INSERT INTO hop_dong_thue (id, thoi_gian_nhan, thoi_gian_tra, trang_thai, gia, mo_ta, check_in, check_out, khach_hang_danh_gia_chu, khach_hang_danh_gia_so, ngay_danh_gia, da_thanh_toan_cho_doi_tac, oto_id, khach_hang_id) VALUES (30, '2025-04-18 23:50:32', '2025-05-03 23:50:32', 1, 12160845, N'Hợp đồng thuê xe cá nhân.', '2025-04-19 08:32:56', NULL, NULL, NULL, NULL, FALSE, 9, 'TV022');
INSERT INTO hop_dong_thue (id, thoi_gian_nhan, thoi_gian_tra, trang_thai, gia, mo_ta, check_in, check_out, khach_hang_danh_gia_chu, khach_hang_danh_gia_so, ngay_danh_gia, da_thanh_toan_cho_doi_tac, oto_id, khach_hang_id) VALUES (31, '2025-07-20 04:00:09', '2025-07-24 04:00:09', 0, 7570320, N'Hợp đồng thuê xe cá nhân.', NULL, NULL, NULL, NULL, NULL, FALSE, 30, 'TV031');
INSERT INTO hop_dong_thue (id, thoi_gian_nhan, thoi_gian_tra, trang_thai, gia, mo_ta, check_in, check_out, khach_hang_danh_gia_chu, khach_hang_danh_gia_so, ngay_danh_gia, da_thanh_toan_cho_doi_tac, oto_id, khach_hang_id) VALUES (32, '2025-06-20 02:09:26', '2025-06-21 02:09:26', 1, 2463665, N'Hợp đồng thuê xe cá nhân.', '2025-06-20 14:05:59', NULL, NULL, NULL, NULL, FALSE, 9, 'TV009');
INSERT INTO hop_dong_thue (id, thoi_gian_nhan, thoi_gian_tra, trang_thai, gia, mo_ta, check_in, check_out, khach_hang_danh_gia_chu, khach_hang_danh_gia_so, ngay_danh_gia, da_thanh_toan_cho_doi_tac, oto_id, khach_hang_id) VALUES (33, '2024-11-21 09:43:38', '2024-11-23 09:43:38', 1, 3930068, N'Hợp đồng thuê xe cá nhân.', '2024-11-21 09:47:12', '2024-11-24 07:46:09', N'Rất hài lòng về xe và dịch vụ, sẽ thuê lại!', 4, '2024-11-25 15:49:00', FALSE, 16, 'TV002');
INSERT INTO hop_dong_thue (id, thoi_gian_nhan, thoi_gian_tra, trang_thai, gia, mo_ta, check_in, check_out, khach_hang_danh_gia_chu, khach_hang_danh_gia_so, ngay_danh_gia, da_thanh_toan_cho_doi_tac, oto_id, khach_hang_id) VALUES (34, '2025-04-13 19:01:41', '2025-04-14 19:01:41', 1, 1565648, N'Hợp đồng thuê xe cá nhân.', '2025-04-14 10:48:37', NULL, NULL, NULL, NULL, FALSE, 44, 'TV029');
INSERT INTO hop_dong_thue (id, thoi_gian_nhan, thoi_gian_tra, trang_thai, gia, mo_ta, check_in, check_out, khach_hang_danh_gia_chu, khach_hang_danh_gia_so, ngay_danh_gia, da_thanh_toan_cho_doi_tac, oto_id, khach_hang_id) VALUES (35, '2024-06-14 17:42:48', '2024-06-24 17:42:48', 0, 5651480, N'Hợp đồng thuê xe cá nhân.', NULL, NULL, NULL, NULL, NULL, FALSE, 5, 'TV005');
INSERT INTO hop_dong_thue (id, thoi_gian_nhan, thoi_gian_tra, trang_thai, gia, mo_ta, check_in, check_out, khach_hang_danh_gia_chu, khach_hang_danh_gia_so, ngay_danh_gia, da_thanh_toan_cho_doi_tac, oto_id, khach_hang_id) VALUES (36, '2024-03-10 18:54:35', '2024-03-23 18:54:35', 2, 8505211, N'Hợp đồng đã bị hủy do thay đổi kế hoạch.', NULL, NULL, NULL, NULL, NULL, FALSE, 24, 'TV032');
INSERT INTO hop_dong_thue (id, thoi_gian_nhan, thoi_gian_tra, trang_thai, gia, mo_ta, check_in, check_out, khach_hang_danh_gia_chu, khach_hang_danh_gia_so, ngay_danh_gia, da_thanh_toan_cho_doi_tac, oto_id, khach_hang_id) VALUES (37, '2024-08-02 00:05:45', '2024-08-14 00:05:45', 1, 19992384, N'Hợp đồng thuê xe cá nhân.', '2024-08-02 22:48:55', '2024-08-14 19:39:48', N'Rất hài lòng về xe và dịch vụ, sẽ thuê lại!', 3, '2024-08-16 09:30:41', FALSE, 14, 'TV032');
INSERT INTO hop_dong_thue (id, thoi_gian_nhan, thoi_gian_tra, trang_thai, gia, mo_ta, check_in, check_out, khach_hang_danh_gia_chu, khach_hang_danh_gia_so, ngay_danh_gia, da_thanh_toan_cho_doi_tac, oto_id, khach_hang_id) VALUES (38, '2025-07-14 18:34:43', '2025-07-25 18:34:43', 1, 12270291, N'Hợp đồng thuê xe cá nhân.', '2025-07-15 14:24:56', NULL, NULL, NULL, NULL, FALSE, 48, 'TV026');
INSERT INTO hop_dong_thue (id, thoi_gian_nhan, thoi_gian_tra, trang_thai, gia, mo_ta, check_in, check_out, khach_hang_danh_gia_chu, khach_hang_danh_gia_so, ngay_danh_gia, da_thanh_toan_cho_doi_tac, oto_id, khach_hang_id) VALUES (39, '2024-05-31 03:46:42', '2024-06-11 03:46:42', 0, 16917483, N'Hợp đồng thuê xe cá nhân.', NULL, NULL, NULL, NULL, NULL, FALSE, 2, 'TV022');
INSERT INTO hop_dong_thue (id, thoi_gian_nhan, thoi_gian_tra, trang_thai, gia, mo_ta, check_in, check_out, khach_hang_danh_gia_chu, khach_hang_danh_gia_so, ngay_danh_gia, da_thanh_toan_cho_doi_tac, oto_id, khach_hang_id) VALUES (40, '2024-12-03 12:18:36', '2024-12-06 12:18:36', 1, 2660802, N'Hợp đồng thuê xe cá nhân.', '2024-12-04 07:54:03', NULL, NULL, NULL, NULL, FALSE, 19, 'TV046');
INSERT INTO hop_dong_thue (id, thoi_gian_nhan, thoi_gian_tra, trang_thai, gia, mo_ta, check_in, check_out, khach_hang_danh_gia_chu, khach_hang_danh_gia_so, ngay_danh_gia, da_thanh_toan_cho_doi_tac, oto_id, khach_hang_id) VALUES (41, '2025-03-26 13:33:19', '2025-03-31 13:33:19', 2, 4409595, N'Hợp đồng đã bị hủy do thay đổi kế hoạch.', NULL, NULL, NULL, NULL, NULL, FALSE, 3, 'TV017');
INSERT INTO hop_dong_thue (id, thoi_gian_nhan, thoi_gian_tra, trang_thai, gia, mo_ta, check_in, check_out, khach_hang_danh_gia_chu, khach_hang_danh_gia_so, ngay_danh_gia, da_thanh_toan_cho_doi_tac, oto_id, khach_hang_id) VALUES (42, '2024-09-29 17:29:24', '2024-10-08 17:29:24', 0, 22166361, N'Hợp đồng thuê xe cá nhân.', NULL, NULL, NULL, NULL, NULL, FALSE, 31, 'TV028');
INSERT INTO hop_dong_thue (id, thoi_gian_nhan, thoi_gian_tra, trang_thai, gia, mo_ta, check_in, check_out, khach_hang_danh_gia_chu, khach_hang_danh_gia_so, ngay_danh_gia, da_thanh_toan_cho_doi_tac, oto_id, khach_hang_id) VALUES (43, '2025-06-18 04:50:58', '2025-07-02 04:50:58', 1, 9986634, N'Hợp đồng thuê xe cá nhân.', '2025-06-18 11:20:18', NULL, NULL, NULL, NULL, FALSE, 44, 'TV018');
INSERT INTO hop_dong_thue (id, thoi_gian_nhan, thoi_gian_tra, trang_thai, gia, mo_ta, check_in, check_out, khach_hang_danh_gia_chu, khach_hang_danh_gia_so, ngay_danh_gia, da_thanh_toan_cho_doi_tac, oto_id, khach_hang_id) VALUES (44, '2024-03-02 20:23:39', '2024-03-07 20:23:39', 0, 6705045, N'Hợp đồng thuê xe cá nhân.', NULL, NULL, NULL, NULL, NULL, FALSE, 26, 'TV017');
INSERT INTO hop_dong_thue (id, thoi_gian_nhan, thoi_gian_tra, trang_thai, gia, mo_ta, check_in, check_out, khach_hang_danh_gia_chu, khach_hang_danh_gia_so, ngay_danh_gia, da_thanh_toan_cho_doi_tac, oto_id, khach_hang_id) VALUES (45, '2024-11-29 07:27:29', '2024-12-13 07:27:29', 2, 19530588, N'Hợp đồng đã bị hủy do thay đổi kế hoạch.', NULL, NULL, NULL, NULL, NULL, FALSE, 5, 'TV031');
INSERT INTO hop_dong_thue (id, thoi_gian_nhan, thoi_gian_tra, trang_thai, gia, mo_ta, check_in, check_out, khach_hang_danh_gia_chu, khach_hang_danh_gia_so, ngay_danh_gia, da_thanh_toan_cho_doi_tac, oto_id, khach_hang_id) VALUES (46, '2024-02-22 02:48:31', '2024-02-24 02:48:31', 0, 3827440, N'Hợp đồng thuê xe cá nhân.', NULL, NULL, NULL, NULL, NULL, FALSE, 27, 'TV008');
INSERT INTO hop_dong_thue (id, thoi_gian_nhan, thoi_gian_tra, trang_thai, gia, mo_ta, check_in, check_out, khach_hang_danh_gia_chu, khach_hang_danh_gia_so, ngay_danh_gia, da_thanh_toan_cho_doi_tac, oto_id, khach_hang_id) VALUES (47, '2025-05-01 10:57:07', '2025-05-15 10:57:07', 1, 21063392, N'Hợp đồng thuê xe cá nhân.', '2025-05-01 13:49:08', '2025-05-16 08:10:04', N'Rất hài lòng về xe và dịch vụ, sẽ thuê lại!', 5, '2025-05-16 23:55:14', TRUE, 37, 'TV043');
INSERT INTO hop_dong_thue (id, thoi_gian_nhan, thoi_gian_tra, trang_thai, gia, mo_ta, check_in, check_out, khach_hang_danh_gia_chu, khach_hang_danh_gia_so, ngay_danh_gia, da_thanh_toan_cho_doi_tac, oto_id, khach_hang_id) VALUES (48, '2025-05-06 22:42:12', '2025-05-12 22:42:12', 1, 6000192, N'Hợp đồng thuê xe cá nhân.', '2025-05-07 08:08:06', NULL, NULL, NULL, NULL, FALSE, 42, 'TV045');
INSERT INTO hop_dong_thue (id, thoi_gian_nhan, thoi_gian_tra, trang_thai, gia, mo_ta, check_in, check_out, khach_hang_danh_gia_chu, khach_hang_danh_gia_so, ngay_danh_gia, da_thanh_toan_cho_doi_tac, oto_id, khach_hang_id) VALUES (49, '2024-11-15 01:38:22', '2024-11-25 01:38:22', 1, 24899520, N'Hợp đồng thuê xe cá nhân.', '2024-11-15 14:47:43', '2024-11-25 16:21:54', N'Rất hài lòng về xe và dịch vụ, sẽ thuê lại!', 5, '2024-11-27 14:59:30', TRUE, 16, 'TV010');
INSERT INTO hop_dong_thue (id, thoi_gian_nhan, thoi_gian_tra, trang_thai, gia, mo_ta, check_in, check_out, khach_hang_danh_gia_chu, khach_hang_danh_gia_so, ngay_danh_gia, da_thanh_toan_cho_doi_tac, oto_id, khach_hang_id) VALUES (50, '2024-04-04 05:07:09', '2024-04-14 05:07:09', 2, 9408690, N'Hợp đồng đã bị hủy do thay đổi kế hoạch.', NULL, NULL, NULL, NULL, NULL, FALSE, 4, 'TV020');
INSERT INTO anh_cua_khach (id, hop_dong_thue_id) VALUES (73, 24);
INSERT INTO anh_cua_khach (id, hop_dong_thue_id) VALUES (29, 43);
INSERT INTO anh_cua_khach (id, hop_dong_thue_id) VALUES (17, 39);
INSERT INTO anh_cua_khach (id, hop_dong_thue_id) VALUES (49, 8);
INSERT INTO anh_cua_khach (id, hop_dong_thue_id) VALUES (9, 38);
INSERT INTO anh_cua_khach (id, hop_dong_thue_id) VALUES (39, 31);
INSERT INTO anh_cua_khach (id, hop_dong_thue_id) VALUES (71, 14);
INSERT INTO anh_cua_khach (id, hop_dong_thue_id) VALUES (23, 43);
INSERT INTO anh_cua_khach (id, hop_dong_thue_id) VALUES (43, 5);
INSERT INTO anh_cua_khach (id, hop_dong_thue_id) VALUES (69, 49);
INSERT INTO anh_cua_khach (id, hop_dong_thue_id) VALUES (95, 3);
INSERT INTO anh_cua_khach (id, hop_dong_thue_id) VALUES (27, 15);
INSERT INTO anh_cua_khach (id, hop_dong_thue_id) VALUES (55, 33);
INSERT INTO anh_cua_khach (id, hop_dong_thue_id) VALUES (65, 2);
INSERT INTO anh_cua_khach (id, hop_dong_thue_id) VALUES (1, 29);
INSERT INTO anh_cua_khach (id, hop_dong_thue_id) VALUES (41, 29);
INSERT INTO anh_cua_khach (id, hop_dong_thue_id) VALUES (13, 48);
INSERT INTO anh_cua_khach (id, hop_dong_thue_id) VALUES (67, 42);
INSERT INTO anh_cua_khach (id, hop_dong_thue_id) VALUES (45, 36);
INSERT INTO anh_cua_khach (id, hop_dong_thue_id) VALUES (79, 50);
INSERT INTO anh_cua_khach (id, hop_dong_thue_id) VALUES (3, 16);
INSERT INTO anh_cua_khach (id, hop_dong_thue_id) VALUES (21, 44);
INSERT INTO anh_cua_khach (id, hop_dong_thue_id) VALUES (7, 15);
INSERT INTO anh_cua_khach (id, hop_dong_thue_id) VALUES (57, 34);
INSERT INTO anh_cua_khach (id, hop_dong_thue_id) VALUES (89, 22);
INSERT INTO anh_cua_khach (id, hop_dong_thue_id) VALUES (31, 43);
INSERT INTO anh_cua_khach (id, hop_dong_thue_id) VALUES (85, 32);
INSERT INTO anh_cua_khach (id, hop_dong_thue_id) VALUES (25, 50);
INSERT INTO anh_cua_khach (id, hop_dong_thue_id) VALUES (75, 39);
INSERT INTO anh_cua_khach (id, hop_dong_thue_id) VALUES (19, 44);
INSERT INTO anh_cua_khach (id, hop_dong_thue_id) VALUES (77, 40);
INSERT INTO anh_cua_khach (id, hop_dong_thue_id) VALUES (15, 4);
INSERT INTO anh_cua_khach (id, hop_dong_thue_id) VALUES (35, 22);
INSERT INTO anh_cua_khach (id, hop_dong_thue_id) VALUES (33, 19);
INSERT INTO anh_cua_khach (id, hop_dong_thue_id) VALUES (91, 29);
INSERT INTO anh_cua_khach (id, hop_dong_thue_id) VALUES (83, 47);
INSERT INTO anh_cua_khach (id, hop_dong_thue_id) VALUES (47, 9);
INSERT INTO anh_cua_khach (id, hop_dong_thue_id) VALUES (11, 17);
INSERT INTO anh_cua_khach (id, hop_dong_thue_id) VALUES (61, 22);
INSERT INTO anh_cua_khach (id, hop_dong_thue_id) VALUES (59, 41);
INSERT INTO anh_cua_khach (id, hop_dong_thue_id) VALUES (53, 20);
INSERT INTO anh_cua_khach (id, hop_dong_thue_id) VALUES (97, 35);
INSERT INTO anh_cua_khach (id, hop_dong_thue_id) VALUES (93, 48);
INSERT INTO anh_cua_khach (id, hop_dong_thue_id) VALUES (87, 12);
INSERT INTO anh_cua_khach (id, hop_dong_thue_id) VALUES (99, 39);
INSERT INTO anh_cua_khach (id, hop_dong_thue_id) VALUES (37, 41);
INSERT INTO anh_cua_khach (id, hop_dong_thue_id) VALUES (63, 35);
INSERT INTO anh_cua_khach (id, hop_dong_thue_id) VALUES (51, 34);
INSERT INTO anh_cua_khach (id, hop_dong_thue_id) VALUES (81, 38);
INSERT INTO anh_cua_khach (id, hop_dong_thue_id) VALUES (5, 36);
INSERT INTO hoa_don (id, tong_tien, ngay_thanh_toan, phuong_thuc_thanh_toan, ghi_chu, hop_dong_thue_id, nhan_vien_id) VALUES (1, 8023756, '2024-10-01 23:12:53', N'Thẻ tín dụng', N'Hóa đơn thuê xe và các dịch vụ đi kèm.', 9, 'TV044');
INSERT INTO hoa_don (id, tong_tien, ngay_thanh_toan, phuong_thuc_thanh_toan, ghi_chu, hop_dong_thue_id, nhan_vien_id) VALUES (2, 1469318, '2024-07-18 14:25:00', N'Thẻ tín dụng', N'Hóa đơn thuê xe và các dịch vụ đi kèm.', 24, 'TV038');
INSERT INTO hoa_don (id, tong_tien, ngay_thanh_toan, phuong_thuc_thanh_toan, ghi_chu, hop_dong_thue_id, nhan_vien_id) VALUES (3, 4902052, '2024-12-22 02:01:48', N'Thẻ tín dụng', N'Hóa đơn thuê xe và các dịch vụ đi kèm.', 32, 'TV048');
INSERT INTO hoa_don (id, tong_tien, ngay_thanh_toan, phuong_thuc_thanh_toan, ghi_chu, hop_dong_thue_id, nhan_vien_id) VALUES (4, 5609691, '2024-11-22 08:30:07', N'Ví điện tử', N'Hóa đơn thuê xe và các dịch vụ đi kèm.', 42, 'TV038');
INSERT INTO hoa_don (id, tong_tien, ngay_thanh_toan, phuong_thuc_thanh_toan, ghi_chu, hop_dong_thue_id, nhan_vien_id) VALUES (5, 8601484, '2024-11-16 13:08:00', N'Ví điện tử', N'Hóa đơn thuê xe và các dịch vụ đi kèm.', 22, 'TV027');
INSERT INTO hoa_don (id, tong_tien, ngay_thanh_toan, phuong_thuc_thanh_toan, ghi_chu, hop_dong_thue_id, nhan_vien_id) VALUES (6, 3625898, '2024-08-04 12:21:23', N'Ví điện tử', N'Hóa đơn thuê xe và các dịch vụ đi kèm.', 40, 'TV038');
INSERT INTO hoa_don (id, tong_tien, ngay_thanh_toan, phuong_thuc_thanh_toan, ghi_chu, hop_dong_thue_id, nhan_vien_id) VALUES (7, 8373591, '2024-10-29 01:17:12', N'Thẻ tín dụng', N'Hóa đơn thuê xe và các dịch vụ đi kèm.', 49, 'TV014');
INSERT INTO hoa_don (id, tong_tien, ngay_thanh_toan, phuong_thuc_thanh_toan, ghi_chu, hop_dong_thue_id, nhan_vien_id) VALUES (8, 3148212, '2025-03-09 22:51:32', N'Thẻ tín dụng', N'Hóa đơn thuê xe và các dịch vụ đi kèm.', 19, 'TV027');
INSERT INTO hoa_don (id, tong_tien, ngay_thanh_toan, phuong_thuc_thanh_toan, ghi_chu, hop_dong_thue_id, nhan_vien_id) VALUES (9, 2802705, '2025-05-20 04:21:34', N'Tiền mặt', N'Hóa đơn thuê xe và các dịch vụ đi kèm.', 5, 'TV048');
INSERT INTO hoa_don (id, tong_tien, ngay_thanh_toan, phuong_thuc_thanh_toan, ghi_chu, hop_dong_thue_id, nhan_vien_id) VALUES (10, 7578315, '2024-11-19 01:02:50', N'Ví điện tử', N'Hóa đơn thuê xe và các dịch vụ đi kèm.', 35, 'TV004');
INSERT INTO hoa_don (id, tong_tien, ngay_thanh_toan, phuong_thuc_thanh_toan, ghi_chu, hop_dong_thue_id, nhan_vien_id) VALUES (11, 7804387, '2025-01-24 00:58:26', N'Chuyển khoản', N'Hóa đơn thuê xe và các dịch vụ đi kèm.', 6, 'TV048');
INSERT INTO hoa_don (id, tong_tien, ngay_thanh_toan, phuong_thuc_thanh_toan, ghi_chu, hop_dong_thue_id, nhan_vien_id) VALUES (12, 574558, '2024-10-12 17:39:21', N'Tiền mặt', N'Hóa đơn thuê xe và các dịch vụ đi kèm.', 17, 'TV041');
INSERT INTO hoa_don (id, tong_tien, ngay_thanh_toan, phuong_thuc_thanh_toan, ghi_chu, hop_dong_thue_id, nhan_vien_id) VALUES (13, 9033245, '2025-05-27 00:06:13', N'Ví điện tử', N'Hóa đơn thuê xe và các dịch vụ đi kèm.', 28, 'TV004');
INSERT INTO hoa_don (id, tong_tien, ngay_thanh_toan, phuong_thuc_thanh_toan, ghi_chu, hop_dong_thue_id, nhan_vien_id) VALUES (14, 7740837, '2024-12-23 20:07:06', N'Ví điện tử', N'Hóa đơn thuê xe và các dịch vụ đi kèm.', 46, 'TV044');
INSERT INTO hoa_don (id, tong_tien, ngay_thanh_toan, phuong_thuc_thanh_toan, ghi_chu, hop_dong_thue_id, nhan_vien_id) VALUES (15, 7336391, '2024-08-02 06:45:58', N'Chuyển khoản', N'Hóa đơn thuê xe và các dịch vụ đi kèm.', 5, 'TV014');
INSERT INTO hoa_don (id, tong_tien, ngay_thanh_toan, phuong_thuc_thanh_toan, ghi_chu, hop_dong_thue_id, nhan_vien_id) VALUES (16, 7636328, '2025-07-08 19:37:05', N'Tiền mặt', N'Hóa đơn thuê xe và các dịch vụ đi kèm.', 2, 'TV044');
INSERT INTO hoa_don (id, tong_tien, ngay_thanh_toan, phuong_thuc_thanh_toan, ghi_chu, hop_dong_thue_id, nhan_vien_id) VALUES (17, 6335056, '2025-04-08 01:19:02', N'Thẻ tín dụng', N'Hóa đơn thuê xe và các dịch vụ đi kèm.', 34, 'TV049');
INSERT INTO hoa_don (id, tong_tien, ngay_thanh_toan, phuong_thuc_thanh_toan, ghi_chu, hop_dong_thue_id, nhan_vien_id) VALUES (18, 8673886, '2025-02-06 16:20:22', N'Chuyển khoản', N'Hóa đơn thuê xe và các dịch vụ đi kèm.', 46, 'TV041');
INSERT INTO hoa_don (id, tong_tien, ngay_thanh_toan, phuong_thuc_thanh_toan, ghi_chu, hop_dong_thue_id, nhan_vien_id) VALUES (19, 8985473, '2024-10-02 19:10:06', N'Chuyển khoản', N'Hóa đơn thuê xe và các dịch vụ đi kèm.', 25, 'TV027');
INSERT INTO hoa_don (id, tong_tien, ngay_thanh_toan, phuong_thuc_thanh_toan, ghi_chu, hop_dong_thue_id, nhan_vien_id) VALUES (20, 5466534, '2025-02-12 01:41:28', N'Tiền mặt', N'Hóa đơn thuê xe và các dịch vụ đi kèm.', 6, 'TV027');
INSERT INTO hoa_don (id, tong_tien, ngay_thanh_toan, phuong_thuc_thanh_toan, ghi_chu, hop_dong_thue_id, nhan_vien_id) VALUES (21, 606485, '2024-12-12 19:07:48', N'Chuyển khoản', N'Hóa đơn thuê xe và các dịch vụ đi kèm.', 4, 'TV049');
INSERT INTO hoa_don (id, tong_tien, ngay_thanh_toan, phuong_thuc_thanh_toan, ghi_chu, hop_dong_thue_id, nhan_vien_id) VALUES (22, 7074700, '2025-07-04 21:27:05', N'Tiền mặt', N'Hóa đơn thuê xe và các dịch vụ đi kèm.', 22, 'TV038');
INSERT INTO hoa_don (id, tong_tien, ngay_thanh_toan, phuong_thuc_thanh_toan, ghi_chu, hop_dong_thue_id, nhan_vien_id) VALUES (23, 9006591, '2024-09-09 07:01:29', N'Thẻ tín dụng', N'Hóa đơn thuê xe và các dịch vụ đi kèm.', 37, 'TV044');
INSERT INTO hoa_don (id, tong_tien, ngay_thanh_toan, phuong_thuc_thanh_toan, ghi_chu, hop_dong_thue_id, nhan_vien_id) VALUES (24, 8159755, '2025-02-15 08:46:17', N'Ví điện tử', N'Hóa đơn thuê xe và các dịch vụ đi kèm.', 17, 'TV044');
INSERT INTO hoa_don (id, tong_tien, ngay_thanh_toan, phuong_thuc_thanh_toan, ghi_chu, hop_dong_thue_id, nhan_vien_id) VALUES (25, 6633645, '2024-10-23 20:18:57', N'Tiền mặt', N'Hóa đơn thuê xe và các dịch vụ đi kèm.', 40, 'TV014');
INSERT INTO hoa_don (id, tong_tien, ngay_thanh_toan, phuong_thuc_thanh_toan, ghi_chu, hop_dong_thue_id, nhan_vien_id) VALUES (26, 8539902, '2025-04-14 06:47:02', N'Chuyển khoản', N'Hóa đơn thuê xe và các dịch vụ đi kèm.', 28, 'TV041');
INSERT INTO hoa_don (id, tong_tien, ngay_thanh_toan, phuong_thuc_thanh_toan, ghi_chu, hop_dong_thue_id, nhan_vien_id) VALUES (27, 9386254, '2024-10-16 09:18:47', N'Tiền mặt', N'Hóa đơn thuê xe và các dịch vụ đi kèm.', 24, 'TV049');
INSERT INTO hoa_don (id, tong_tien, ngay_thanh_toan, phuong_thuc_thanh_toan, ghi_chu, hop_dong_thue_id, nhan_vien_id) VALUES (28, 4748428, '2025-01-23 13:54:45', N'Thẻ tín dụng', N'Hóa đơn thuê xe và các dịch vụ đi kèm.', 15, 'TV048');
INSERT INTO hoa_don (id, tong_tien, ngay_thanh_toan, phuong_thuc_thanh_toan, ghi_chu, hop_dong_thue_id, nhan_vien_id) VALUES (29, 8077235, '2025-01-24 17:44:24', N'Thẻ tín dụng', N'Hóa đơn thuê xe và các dịch vụ đi kèm.', 29, 'TV041');
INSERT INTO hoa_don (id, tong_tien, ngay_thanh_toan, phuong_thuc_thanh_toan, ghi_chu, hop_dong_thue_id, nhan_vien_id) VALUES (30, 6965951, '2024-09-29 21:04:12', N'Chuyển khoản', N'Hóa đơn thuê xe và các dịch vụ đi kèm.', 14, 'TV038');
INSERT INTO hoa_don (id, tong_tien, ngay_thanh_toan, phuong_thuc_thanh_toan, ghi_chu, hop_dong_thue_id, nhan_vien_id) VALUES (31, 7766090, '2024-09-21 07:42:06', N'Tiền mặt', N'Hóa đơn thuê xe và các dịch vụ đi kèm.', 2, 'TV014');
INSERT INTO hoa_don (id, tong_tien, ngay_thanh_toan, phuong_thuc_thanh_toan, ghi_chu, hop_dong_thue_id, nhan_vien_id) VALUES (32, 5331669, '2024-09-14 16:31:47', N'Chuyển khoản', N'Hóa đơn thuê xe và các dịch vụ đi kèm.', 10, 'TV014');
INSERT INTO hoa_don (id, tong_tien, ngay_thanh_toan, phuong_thuc_thanh_toan, ghi_chu, hop_dong_thue_id, nhan_vien_id) VALUES (33, 3855270, '2024-08-30 10:32:53', N'Thẻ tín dụng', N'Hóa đơn thuê xe và các dịch vụ đi kèm.', 39, 'TV021');
INSERT INTO hoa_don (id, tong_tien, ngay_thanh_toan, phuong_thuc_thanh_toan, ghi_chu, hop_dong_thue_id, nhan_vien_id) VALUES (34, 8899364, '2025-05-31 09:13:03', N'Chuyển khoản', N'Hóa đơn thuê xe và các dịch vụ đi kèm.', 33, 'TV049');
INSERT INTO hoa_don (id, tong_tien, ngay_thanh_toan, phuong_thuc_thanh_toan, ghi_chu, hop_dong_thue_id, nhan_vien_id) VALUES (35, 4279599, '2025-04-23 10:50:53', N'Tiền mặt', N'Hóa đơn thuê xe và các dịch vụ đi kèm.', 31, 'TV048');
INSERT INTO hoa_don (id, tong_tien, ngay_thanh_toan, phuong_thuc_thanh_toan, ghi_chu, hop_dong_thue_id, nhan_vien_id) VALUES (36, 5748938, '2024-09-29 11:57:04', N'Chuyển khoản', N'Hóa đơn thuê xe và các dịch vụ đi kèm.', 23, 'TV038');
INSERT INTO hoa_don (id, tong_tien, ngay_thanh_toan, phuong_thuc_thanh_toan, ghi_chu, hop_dong_thue_id, nhan_vien_id) VALUES (37, 9415555, '2025-02-02 01:45:36', N'Tiền mặt', N'Hóa đơn thuê xe và các dịch vụ đi kèm.', 24, 'TV048');
INSERT INTO hoa_don (id, tong_tien, ngay_thanh_toan, phuong_thuc_thanh_toan, ghi_chu, hop_dong_thue_id, nhan_vien_id) VALUES (38, 5687536, '2024-08-16 23:36:32', N'Chuyển khoản', N'Hóa đơn thuê xe và các dịch vụ đi kèm.', 27, 'TV038');
INSERT INTO hoa_don (id, tong_tien, ngay_thanh_toan, phuong_thuc_thanh_toan, ghi_chu, hop_dong_thue_id, nhan_vien_id) VALUES (39, 9518434, '2025-06-22 05:37:56', N'Chuyển khoản', N'Hóa đơn thuê xe và các dịch vụ đi kèm.', 23, 'TV021');
INSERT INTO hoa_don (id, tong_tien, ngay_thanh_toan, phuong_thuc_thanh_toan, ghi_chu, hop_dong_thue_id, nhan_vien_id) VALUES (40, 6835763, '2024-09-16 15:07:45', N'Tiền mặt', N'Hóa đơn thuê xe và các dịch vụ đi kèm.', 31, 'TV048');
INSERT INTO hoa_don (id, tong_tien, ngay_thanh_toan, phuong_thuc_thanh_toan, ghi_chu, hop_dong_thue_id, nhan_vien_id) VALUES (41, 5976599, '2024-10-24 04:31:48', N'Tiền mặt', N'Hóa đơn thuê xe và các dịch vụ đi kèm.', 4, 'TV021');
INSERT INTO hoa_don (id, tong_tien, ngay_thanh_toan, phuong_thuc_thanh_toan, ghi_chu, hop_dong_thue_id, nhan_vien_id) VALUES (42, 1620637, '2025-01-21 22:31:08', N'Ví điện tử', N'Hóa đơn thuê xe và các dịch vụ đi kèm.', 29, 'TV021');
INSERT INTO hoa_don (id, tong_tien, ngay_thanh_toan, phuong_thuc_thanh_toan, ghi_chu, hop_dong_thue_id, nhan_vien_id) VALUES (43, 8732299, '2025-05-01 16:50:19', N'Chuyển khoản', N'Hóa đơn thuê xe và các dịch vụ đi kèm.', 32, 'TV041');
INSERT INTO hoa_don (id, tong_tien, ngay_thanh_toan, phuong_thuc_thanh_toan, ghi_chu, hop_dong_thue_id, nhan_vien_id) VALUES (44, 9009922, '2025-03-15 09:38:23', N'Ví điện tử', N'Hóa đơn thuê xe và các dịch vụ đi kèm.', 7, 'TV027');
INSERT INTO hoa_don (id, tong_tien, ngay_thanh_toan, phuong_thuc_thanh_toan, ghi_chu, hop_dong_thue_id, nhan_vien_id) VALUES (45, 8311531, '2025-04-01 00:04:15', N'Ví điện tử', N'Hóa đơn thuê xe và các dịch vụ đi kèm.', 34, 'TV014');
INSERT INTO hoa_don (id, tong_tien, ngay_thanh_toan, phuong_thuc_thanh_toan, ghi_chu, hop_dong_thue_id, nhan_vien_id) VALUES (46, 9097891, '2024-08-26 20:35:03', N'Tiền mặt', N'Hóa đơn thuê xe và các dịch vụ đi kèm.', 45, 'TV006');
INSERT INTO hoa_don (id, tong_tien, ngay_thanh_toan, phuong_thuc_thanh_toan, ghi_chu, hop_dong_thue_id, nhan_vien_id) VALUES (47, 4717355, '2024-07-25 00:51:36', N'Thẻ tín dụng', N'Hóa đơn thuê xe và các dịch vụ đi kèm.', 27, 'TV014');
INSERT INTO hoa_don (id, tong_tien, ngay_thanh_toan, phuong_thuc_thanh_toan, ghi_chu, hop_dong_thue_id, nhan_vien_id) VALUES (48, 7536010, '2025-04-30 08:34:51', N'Chuyển khoản', N'Hóa đơn thuê xe và các dịch vụ đi kèm.', 4, 'TV021');
INSERT INTO hoa_don (id, tong_tien, ngay_thanh_toan, phuong_thuc_thanh_toan, ghi_chu, hop_dong_thue_id, nhan_vien_id) VALUES (49, 5651911, '2025-04-09 02:40:00', N'Chuyển khoản', N'Hóa đơn thuê xe và các dịch vụ đi kèm.', 17, 'TV021');
INSERT INTO hoa_don (id, tong_tien, ngay_thanh_toan, phuong_thuc_thanh_toan, ghi_chu, hop_dong_thue_id, nhan_vien_id) VALUES (50, 4835212, '2025-02-10 02:02:11', N'Thẻ tín dụng', N'Hóa đơn thuê xe và các dịch vụ đi kèm.', 1, 'TV006');
INSERT INTO phu_phi_duoc_chon (id, gia, so_luong, phu_phi_id, hoa_don_id) VALUES (1, 66134, 2, 10, 44);
INSERT INTO phu_phi_duoc_chon (id, gia, so_luong, phu_phi_id, hoa_don_id) VALUES (2, 75681, 2, 9, 2);
INSERT INTO phu_phi_duoc_chon (id, gia, so_luong, phu_phi_id, hoa_don_id) VALUES (3, 184397, 1, 10, 25);
INSERT INTO phu_phi_duoc_chon (id, gia, so_luong, phu_phi_id, hoa_don_id) VALUES (4, 107421, 3, 8, 24);
INSERT INTO phu_phi_duoc_chon (id, gia, so_luong, phu_phi_id, hoa_don_id) VALUES (5, 65415, 3, 10, 32);
INSERT INTO phu_phi_duoc_chon (id, gia, so_luong, phu_phi_id, hoa_don_id) VALUES (6, 192024, 3, 4, 26);
INSERT INTO phu_phi_duoc_chon (id, gia, so_luong, phu_phi_id, hoa_don_id) VALUES (7, 39665, 3, 3, 13);
INSERT INTO phu_phi_duoc_chon (id, gia, so_luong, phu_phi_id, hoa_don_id) VALUES (8, 185452, 1, 4, 25);
INSERT INTO phu_phi_duoc_chon (id, gia, so_luong, phu_phi_id, hoa_don_id) VALUES (9, 101425, 1, 3, 15);
INSERT INTO phu_phi_duoc_chon (id, gia, so_luong, phu_phi_id, hoa_don_id) VALUES (10, 180096, 2, 1, 38);
INSERT INTO phu_phi_duoc_chon (id, gia, so_luong, phu_phi_id, hoa_don_id) VALUES (11, 52024, 3, 2, 38);
INSERT INTO phu_phi_duoc_chon (id, gia, so_luong, phu_phi_id, hoa_don_id) VALUES (12, 89795, 1, 7, 45);
INSERT INTO phu_phi_duoc_chon (id, gia, so_luong, phu_phi_id, hoa_don_id) VALUES (13, 114122, 2, 2, 26);
INSERT INTO phu_phi_duoc_chon (id, gia, so_luong, phu_phi_id, hoa_don_id) VALUES (14, 188793, 3, 5, 48);
INSERT INTO phu_phi_duoc_chon (id, gia, so_luong, phu_phi_id, hoa_don_id) VALUES (15, 69814, 2, 1, 26);
INSERT INTO phu_phi_duoc_chon (id, gia, so_luong, phu_phi_id, hoa_don_id) VALUES (16, 45135, 2, 4, 38);
INSERT INTO phu_phi_duoc_chon (id, gia, so_luong, phu_phi_id, hoa_don_id) VALUES (17, 47991, 3, 1, 17);
INSERT INTO phu_phi_duoc_chon (id, gia, so_luong, phu_phi_id, hoa_don_id) VALUES (18, 122905, 1, 6, 19);
INSERT INTO phu_phi_duoc_chon (id, gia, so_luong, phu_phi_id, hoa_don_id) VALUES (19, 156993, 3, 8, 19);
INSERT INTO phu_phi_duoc_chon (id, gia, so_luong, phu_phi_id, hoa_don_id) VALUES (20, 67289, 3, 5, 30);
INSERT INTO phu_phi_duoc_chon (id, gia, so_luong, phu_phi_id, hoa_don_id) VALUES (21, 92137, 2, 7, 19);
INSERT INTO phu_phi_duoc_chon (id, gia, so_luong, phu_phi_id, hoa_don_id) VALUES (22, 12990, 1, 5, 13);
INSERT INTO phu_phi_duoc_chon (id, gia, so_luong, phu_phi_id, hoa_don_id) VALUES (23, 47150, 1, 1, 49);
INSERT INTO phu_phi_duoc_chon (id, gia, so_luong, phu_phi_id, hoa_don_id) VALUES (24, 102640, 2, 7, 5);
INSERT INTO phu_phi_duoc_chon (id, gia, so_luong, phu_phi_id, hoa_don_id) VALUES (25, 102860, 2, 1, 47);
INSERT INTO phu_phi_duoc_chon (id, gia, so_luong, phu_phi_id, hoa_don_id) VALUES (26, 108179, 3, 7, 4);
INSERT INTO phu_phi_duoc_chon (id, gia, so_luong, phu_phi_id, hoa_don_id) VALUES (27, 152584, 1, 5, 3);
INSERT INTO phu_phi_duoc_chon (id, gia, so_luong, phu_phi_id, hoa_don_id) VALUES (28, 93196, 3, 4, 32);
INSERT INTO phu_phi_duoc_chon (id, gia, so_luong, phu_phi_id, hoa_don_id) VALUES (29, 114660, 2, 1, 35);
INSERT INTO phu_phi_duoc_chon (id, gia, so_luong, phu_phi_id, hoa_don_id) VALUES (30, 54875, 1, 8, 23);
INSERT INTO phu_phi_duoc_chon (id, gia, so_luong, phu_phi_id, hoa_don_id) VALUES (31, 46129, 3, 10, 50);
INSERT INTO phu_phi_duoc_chon (id, gia, so_luong, phu_phi_id, hoa_don_id) VALUES (32, 51992, 2, 6, 5);
INSERT INTO phu_phi_duoc_chon (id, gia, so_luong, phu_phi_id, hoa_don_id) VALUES (33, 24109, 2, 3, 8);
INSERT INTO phu_phi_duoc_chon (id, gia, so_luong, phu_phi_id, hoa_don_id) VALUES (34, 180696, 3, 5, 28);
INSERT INTO phu_phi_duoc_chon (id, gia, so_luong, phu_phi_id, hoa_don_id) VALUES (35, 176143, 1, 9, 20);
INSERT INTO phu_phi_duoc_chon (id, gia, so_luong, phu_phi_id, hoa_don_id) VALUES (36, 50010, 2, 9, 12);
INSERT INTO phu_phi_duoc_chon (id, gia, so_luong, phu_phi_id, hoa_don_id) VALUES (37, 51665, 2, 1, 6);
INSERT INTO phu_phi_duoc_chon (id, gia, so_luong, phu_phi_id, hoa_don_id) VALUES (38, 143763, 2, 4, 46);
INSERT INTO phu_phi_duoc_chon (id, gia, so_luong, phu_phi_id, hoa_don_id) VALUES (39, 80216, 1, 2, 27);
INSERT INTO phu_phi_duoc_chon (id, gia, so_luong, phu_phi_id, hoa_don_id) VALUES (40, 81073, 1, 9, 13);
INSERT INTO phu_phi_duoc_chon (id, gia, so_luong, phu_phi_id, hoa_don_id) VALUES (41, 152402, 1, 10, 48);
INSERT INTO phu_phi_duoc_chon (id, gia, so_luong, phu_phi_id, hoa_don_id) VALUES (42, 29764, 3, 7, 31);
INSERT INTO phu_phi_duoc_chon (id, gia, so_luong, phu_phi_id, hoa_don_id) VALUES (43, 132913, 1, 9, 43);
INSERT INTO phu_phi_duoc_chon (id, gia, so_luong, phu_phi_id, hoa_don_id) VALUES (44, 85237, 3, 7, 15);
INSERT INTO phu_phi_duoc_chon (id, gia, so_luong, phu_phi_id, hoa_don_id) VALUES (45, 29575, 3, 3, 6);
INSERT INTO phu_phi_duoc_chon (id, gia, so_luong, phu_phi_id, hoa_don_id) VALUES (46, 66179, 1, 4, 29);
INSERT INTO phu_phi_duoc_chon (id, gia, so_luong, phu_phi_id, hoa_don_id) VALUES (47, 61005, 3, 8, 46);
INSERT INTO phu_phi_duoc_chon (id, gia, so_luong, phu_phi_id, hoa_don_id) VALUES (48, 194483, 3, 9, 11);
INSERT INTO phu_phi_duoc_chon (id, gia, so_luong, phu_phi_id, hoa_don_id) VALUES (49, 57141, 1, 4, 9);
INSERT INTO phu_phi_duoc_chon (id, gia, so_luong, phu_phi_id, hoa_don_id) VALUES (50, 182314, 2, 2, 6);
INSERT INTO phu_phi_duoc_chon (id, gia, so_luong, phu_phi_id, hoa_don_id) VALUES (51, 55472, 2, 9, 23);
INSERT INTO phu_phi_duoc_chon (id, gia, so_luong, phu_phi_id, hoa_don_id) VALUES (52, 59737, 1, 5, 7);
INSERT INTO phu_phi_duoc_chon (id, gia, so_luong, phu_phi_id, hoa_don_id) VALUES (53, 108403, 1, 4, 50);
INSERT INTO phu_phi_duoc_chon (id, gia, so_luong, phu_phi_id, hoa_don_id) VALUES (54, 111804, 2, 10, 15);
INSERT INTO phu_phi_duoc_chon (id, gia, so_luong, phu_phi_id, hoa_don_id) VALUES (55, 185005, 1, 10, 20);
INSERT INTO phu_phi_duoc_chon (id, gia, so_luong, phu_phi_id, hoa_don_id) VALUES (56, 170415, 3, 3, 37);
INSERT INTO phu_phi_duoc_chon (id, gia, so_luong, phu_phi_id, hoa_don_id) VALUES (57, 106310, 1, 6, 35);
INSERT INTO phu_phi_duoc_chon (id, gia, so_luong, phu_phi_id, hoa_don_id) VALUES (58, 33808, 2, 6, 25);
INSERT INTO phu_phi_duoc_chon (id, gia, so_luong, phu_phi_id, hoa_don_id) VALUES (59, 171782, 2, 8, 42);
INSERT INTO phu_phi_duoc_chon (id, gia, so_luong, phu_phi_id, hoa_don_id) VALUES (60, 104753, 1, 6, 33);
INSERT INTO phu_phi_duoc_chon (id, gia, so_luong, phu_phi_id, hoa_don_id) VALUES (61, 117276, 3, 2, 39);
INSERT INTO phu_phi_duoc_chon (id, gia, so_luong, phu_phi_id, hoa_don_id) VALUES (62, 93458, 3, 10, 2);
INSERT INTO phu_phi_duoc_chon (id, gia, so_luong, phu_phi_id, hoa_don_id) VALUES (63, 189332, 2, 6, 36);
INSERT INTO phu_phi_duoc_chon (id, gia, so_luong, phu_phi_id, hoa_don_id) VALUES (64, 90864, 3, 8, 32);
INSERT INTO phu_phi_duoc_chon (id, gia, so_luong, phu_phi_id, hoa_don_id) VALUES (65, 73145, 2, 8, 47);
INSERT INTO phu_phi_duoc_chon (id, gia, so_luong, phu_phi_id, hoa_don_id) VALUES (66, 195868, 2, 7, 25);
INSERT INTO phu_phi_duoc_chon (id, gia, so_luong, phu_phi_id, hoa_don_id) VALUES (67, 11809, 2, 9, 50);
INSERT INTO phu_phi_duoc_chon (id, gia, so_luong, phu_phi_id, hoa_don_id) VALUES (68, 11176, 2, 7, 42);
INSERT INTO phu_phi_duoc_chon (id, gia, so_luong, phu_phi_id, hoa_don_id) VALUES (69, 174381, 3, 4, 10);
INSERT INTO phu_phi_duoc_chon (id, gia, so_luong, phu_phi_id, hoa_don_id) VALUES (70, 36713, 2, 1, 20);
INSERT INTO phu_phi_duoc_chon (id, gia, so_luong, phu_phi_id, hoa_don_id) VALUES (71, 21577, 1, 9, 21);
INSERT INTO phu_phi_duoc_chon (id, gia, so_luong, phu_phi_id, hoa_don_id) VALUES (72, 58292, 1, 2, 16);
INSERT INTO phu_phi_duoc_chon (id, gia, so_luong, phu_phi_id, hoa_don_id) VALUES (73, 17413, 3, 7, 38);
INSERT INTO phu_phi_duoc_chon (id, gia, so_luong, phu_phi_id, hoa_don_id) VALUES (74, 28099, 2, 1, 13);
INSERT INTO phu_phi_duoc_chon (id, gia, so_luong, phu_phi_id, hoa_don_id) VALUES (75, 151369, 3, 5, 18);
INSERT INTO hoa_don_doi_tac (id, tong_tien, ngay_bat_dau, ngay_ket_thuc, ngay_thanh_toan, phuong_thuc_thanh_toan, ghi_chu, nhan_vien_id, hop_dong_cho_thue_id) VALUES (1, 4903401, '2024-03-17 05:38:59', '2024-04-15 05:38:59', '2024-04-19 05:38:59', N'Ví điện tử', N'Thanh toán tiền thuê xe cho đối tác theo hợp đồng.', 'TV044', 50);
INSERT INTO hoa_don_doi_tac (id, tong_tien, ngay_bat_dau, ngay_ket_thuc, ngay_thanh_toan, phuong_thuc_thanh_toan, ghi_chu, nhan_vien_id, hop_dong_cho_thue_id) VALUES (2, 4997510, '2024-03-02 09:21:49', '2024-03-10 09:21:49', '2024-03-17 09:21:49', N'Thẻ tín dụng', N'Thanh toán tiền thuê xe cho đối tác theo hợp đồng.', 'TV027', 39);
INSERT INTO hoa_don_doi_tac (id, tong_tien, ngay_bat_dau, ngay_ket_thuc, ngay_thanh_toan, phuong_thuc_thanh_toan, ghi_chu, nhan_vien_id, hop_dong_cho_thue_id) VALUES (3, 4270593, '2024-03-31 10:36:11', '2024-04-19 10:36:11', '2024-04-26 10:36:11', N'Tiền mặt', N'Thanh toán tiền thuê xe cho đối tác theo hợp đồng.', 'TV038', 10);
INSERT INTO hoa_don_doi_tac (id, tong_tien, ngay_bat_dau, ngay_ket_thuc, ngay_thanh_toan, phuong_thuc_thanh_toan, ghi_chu, nhan_vien_id, hop_dong_cho_thue_id) VALUES (4, 4185497, '2024-01-27 09:40:32', '2024-02-21 09:40:32', '2024-02-26 09:40:32', N'Thẻ tín dụng', N'Thanh toán tiền thuê xe cho đối tác theo hợp đồng.', 'TV006', 42);
INSERT INTO hoa_don_doi_tac (id, tong_tien, ngay_bat_dau, ngay_ket_thuc, ngay_thanh_toan, phuong_thuc_thanh_toan, ghi_chu, nhan_vien_id, hop_dong_cho_thue_id) VALUES (5, 4155416, '2024-02-20 12:50:03', '2024-03-15 12:50:03', '2024-03-21 12:50:03', N'Thẻ tín dụng', N'Thanh toán tiền thuê xe cho đối tác theo hợp đồng.', 'TV004', 31);
INSERT INTO hoa_don_doi_tac (id, tong_tien, ngay_bat_dau, ngay_ket_thuc, ngay_thanh_toan, phuong_thuc_thanh_toan, ghi_chu, nhan_vien_id, hop_dong_cho_thue_id) VALUES (6, 4350116, '2024-03-19 03:45:23', '2024-04-01 03:45:23', '2024-04-03 03:45:23', N'Tiền mặt', N'Thanh toán tiền thuê xe cho đối tác theo hợp đồng.', 'TV044', 26);
INSERT INTO hoa_don_doi_tac (id, tong_tien, ngay_bat_dau, ngay_ket_thuc, ngay_thanh_toan, phuong_thuc_thanh_toan, ghi_chu, nhan_vien_id, hop_dong_cho_thue_id) VALUES (7, 4646571, '2024-02-29 15:37:19', '2024-03-13 15:37:19', '2024-03-20 15:37:19', N'Ví điện tử', N'Thanh toán tiền thuê xe cho đối tác theo hợp đồng.', 'TV048', 34);
INSERT INTO hoa_don_doi_tac (id, tong_tien, ngay_bat_dau, ngay_ket_thuc, ngay_thanh_toan, phuong_thuc_thanh_toan, ghi_chu, nhan_vien_id, hop_dong_cho_thue_id) VALUES (8, 2488488, '2024-05-07 12:23:29', '2024-05-26 12:23:29', '2024-06-01 12:23:29', N'Thẻ tín dụng', N'Thanh toán tiền thuê xe cho đối tác theo hợp đồng.', 'TV038', 39);
INSERT INTO hoa_don_doi_tac (id, tong_tien, ngay_bat_dau, ngay_ket_thuc, ngay_thanh_toan, phuong_thuc_thanh_toan, ghi_chu, nhan_vien_id, hop_dong_cho_thue_id) VALUES (9, 3904480, '2024-03-17 15:42:01', '2024-04-10 15:42:01', '2024-04-15 15:42:01', N'Chuyển khoản', N'Thanh toán tiền thuê xe cho đối tác theo hợp đồng.', 'TV027', 49);
INSERT INTO hoa_don_doi_tac (id, tong_tien, ngay_bat_dau, ngay_ket_thuc, ngay_thanh_toan, phuong_thuc_thanh_toan, ghi_chu, nhan_vien_id, hop_dong_cho_thue_id) VALUES (10, 2275287, '2024-04-01 07:38:06', '2024-04-25 07:38:06', '2024-05-01 07:38:06', N'Thẻ tín dụng', N'Thanh toán tiền thuê xe cho đối tác theo hợp đồng.', 'TV014', 14);
INSERT INTO hoa_don_doi_tac (id, tong_tien, ngay_bat_dau, ngay_ket_thuc, ngay_thanh_toan, phuong_thuc_thanh_toan, ghi_chu, nhan_vien_id, hop_dong_cho_thue_id) VALUES (11, 3357791, '2024-06-03 14:17:58', '2024-06-11 14:17:58', '2024-06-12 14:17:58', N'Thẻ tín dụng', N'Thanh toán tiền thuê xe cho đối tác theo hợp đồng.', 'TV044', 13);
INSERT INTO hoa_don_doi_tac (id, tong_tien, ngay_bat_dau, ngay_ket_thuc, ngay_thanh_toan, phuong_thuc_thanh_toan, ghi_chu, nhan_vien_id, hop_dong_cho_thue_id) VALUES (12, 4001319, '2024-04-19 10:04:45', '2024-05-19 10:04:45', '2024-05-26 10:04:45', N'Chuyển khoản', N'Thanh toán tiền thuê xe cho đối tác theo hợp đồng.', 'TV006', 32);
INSERT INTO hoa_don_doi_tac (id, tong_tien, ngay_bat_dau, ngay_ket_thuc, ngay_thanh_toan, phuong_thuc_thanh_toan, ghi_chu, nhan_vien_id, hop_dong_cho_thue_id) VALUES (13, 1021748, '2024-03-28 05:38:53', '2024-04-22 05:38:53', '2024-04-29 05:38:53', N'Tiền mặt', N'Thanh toán tiền thuê xe cho đối tác theo hợp đồng.', 'TV048', 26);
INSERT INTO hoa_don_doi_tac (id, tong_tien, ngay_bat_dau, ngay_ket_thuc, ngay_thanh_toan, phuong_thuc_thanh_toan, ghi_chu, nhan_vien_id, hop_dong_cho_thue_id) VALUES (14, 1731618, '2024-06-03 13:15:29', '2024-06-16 13:15:29', '2024-06-21 13:15:29', N'Thẻ tín dụng', N'Thanh toán tiền thuê xe cho đối tác theo hợp đồng.', 'TV038', 8);
INSERT INTO hoa_don_doi_tac (id, tong_tien, ngay_bat_dau, ngay_ket_thuc, ngay_thanh_toan, phuong_thuc_thanh_toan, ghi_chu, nhan_vien_id, hop_dong_cho_thue_id) VALUES (15, 1057206, '2024-01-16 03:38:53', '2024-01-30 03:38:53', '2024-02-01 03:38:53', N'Chuyển khoản', N'Thanh toán tiền thuê xe cho đối tác theo hợp đồng.', 'TV048', 19);
INSERT INTO hoa_don_doi_tac (id, tong_tien, ngay_bat_dau, ngay_ket_thuc, ngay_thanh_toan, phuong_thuc_thanh_toan, ghi_chu, nhan_vien_id, hop_dong_cho_thue_id) VALUES (16, 1023273, '2024-01-24 00:55:04', '2024-02-05 00:55:04', '2024-02-10 00:55:04', N'Thẻ tín dụng', N'Thanh toán tiền thuê xe cho đối tác theo hợp đồng.', 'TV038', 30);
INSERT INTO hoa_don_doi_tac (id, tong_tien, ngay_bat_dau, ngay_ket_thuc, ngay_thanh_toan, phuong_thuc_thanh_toan, ghi_chu, nhan_vien_id, hop_dong_cho_thue_id) VALUES (17, 1541995, '2024-02-29 22:59:16', '2024-03-18 22:59:16', '2024-03-19 22:59:16', N'Thẻ tín dụng', N'Thanh toán tiền thuê xe cho đối tác theo hợp đồng.', 'TV041', 24);
INSERT INTO hoa_don_doi_tac (id, tong_tien, ngay_bat_dau, ngay_ket_thuc, ngay_thanh_toan, phuong_thuc_thanh_toan, ghi_chu, nhan_vien_id, hop_dong_cho_thue_id) VALUES (18, 1697775, '2024-01-08 17:42:07', '2024-01-30 17:42:07', '2024-02-01 17:42:07', N'Chuyển khoản', N'Thanh toán tiền thuê xe cho đối tác theo hợp đồng.', 'TV021', 24);
INSERT INTO hoa_don_doi_tac (id, tong_tien, ngay_bat_dau, ngay_ket_thuc, ngay_thanh_toan, phuong_thuc_thanh_toan, ghi_chu, nhan_vien_id, hop_dong_cho_thue_id) VALUES (19, 3767842, '2024-05-09 23:56:26', '2024-05-27 23:56:26', '2024-05-28 23:56:26', N'Chuyển khoản', N'Thanh toán tiền thuê xe cho đối tác theo hợp đồng.', 'TV027', 7);
INSERT INTO hoa_don_doi_tac (id, tong_tien, ngay_bat_dau, ngay_ket_thuc, ngay_thanh_toan, phuong_thuc_thanh_toan, ghi_chu, nhan_vien_id, hop_dong_cho_thue_id) VALUES (20, 4472372, '2024-03-24 10:41:38', '2024-04-17 10:41:38', '2024-04-22 10:41:38', N'Ví điện tử', N'Thanh toán tiền thuê xe cho đối tác theo hợp đồng.', 'TV049', 23);
INSERT INTO hoa_don_doi_tac (id, tong_tien, ngay_bat_dau, ngay_ket_thuc, ngay_thanh_toan, phuong_thuc_thanh_toan, ghi_chu, nhan_vien_id, hop_dong_cho_thue_id) VALUES (21, 3542637, '2024-03-13 23:51:35', '2024-04-02 23:51:35', '2024-04-07 23:51:35', N'Ví điện tử', N'Thanh toán tiền thuê xe cho đối tác theo hợp đồng.', 'TV049', 37);
INSERT INTO hoa_don_doi_tac (id, tong_tien, ngay_bat_dau, ngay_ket_thuc, ngay_thanh_toan, phuong_thuc_thanh_toan, ghi_chu, nhan_vien_id, hop_dong_cho_thue_id) VALUES (22, 1731142, '2024-04-13 14:54:54', '2024-05-04 14:54:54', '2024-05-08 14:54:54', N'Thẻ tín dụng', N'Thanh toán tiền thuê xe cho đối tác theo hợp đồng.', 'TV027', 16);
INSERT INTO hoa_don_doi_tac (id, tong_tien, ngay_bat_dau, ngay_ket_thuc, ngay_thanh_toan, phuong_thuc_thanh_toan, ghi_chu, nhan_vien_id, hop_dong_cho_thue_id) VALUES (23, 2376245, '2024-04-21 19:52:53', '2024-04-29 19:52:53', '2024-05-03 19:52:53', N'Thẻ tín dụng', N'Thanh toán tiền thuê xe cho đối tác theo hợp đồng.', 'TV014', 6);
INSERT INTO hoa_don_doi_tac (id, tong_tien, ngay_bat_dau, ngay_ket_thuc, ngay_thanh_toan, phuong_thuc_thanh_toan, ghi_chu, nhan_vien_id, hop_dong_cho_thue_id) VALUES (24, 4959201, '2024-02-29 18:28:34', '2024-03-08 18:28:34', '2024-03-12 18:28:34', N'Ví điện tử', N'Thanh toán tiền thuê xe cho đối tác theo hợp đồng.', 'TV044', 35);
INSERT INTO hoa_don_doi_tac (id, tong_tien, ngay_bat_dau, ngay_ket_thuc, ngay_thanh_toan, phuong_thuc_thanh_toan, ghi_chu, nhan_vien_id, hop_dong_cho_thue_id) VALUES (25, 3465064, '2024-03-31 04:58:08', '2024-04-29 04:58:08', '2024-05-03 04:58:08', N'Tiền mặt', N'Thanh toán tiền thuê xe cho đối tác theo hợp đồng.', 'TV014', 14);
INSERT INTO hoa_don_doi_tac (id, tong_tien, ngay_bat_dau, ngay_ket_thuc, ngay_thanh_toan, phuong_thuc_thanh_toan, ghi_chu, nhan_vien_id, hop_dong_cho_thue_id) VALUES (26, 2816484, '2024-03-28 06:24:40', '2024-04-19 06:24:40', '2024-04-24 06:24:40', N'Ví điện tử', N'Thanh toán tiền thuê xe cho đối tác theo hợp đồng.', 'TV038', 28);
INSERT INTO hoa_don_doi_tac (id, tong_tien, ngay_bat_dau, ngay_ket_thuc, ngay_thanh_toan, phuong_thuc_thanh_toan, ghi_chu, nhan_vien_id, hop_dong_cho_thue_id) VALUES (27, 3915856, '2024-02-01 10:20:23', '2024-02-12 10:20:23', '2024-02-18 10:20:23', N'Ví điện tử', N'Thanh toán tiền thuê xe cho đối tác theo hợp đồng.', 'TV006', 31);
INSERT INTO hoa_don_doi_tac (id, tong_tien, ngay_bat_dau, ngay_ket_thuc, ngay_thanh_toan, phuong_thuc_thanh_toan, ghi_chu, nhan_vien_id, hop_dong_cho_thue_id) VALUES (28, 4145614, '2024-03-29 00:13:18', '2024-04-19 00:13:18', '2024-04-25 00:13:18', N'Thẻ tín dụng', N'Thanh toán tiền thuê xe cho đối tác theo hợp đồng.', 'TV048', 36);
INSERT INTO hoa_don_doi_tac (id, tong_tien, ngay_bat_dau, ngay_ket_thuc, ngay_thanh_toan, phuong_thuc_thanh_toan, ghi_chu, nhan_vien_id, hop_dong_cho_thue_id) VALUES (29, 3139150, '2024-05-06 19:46:02', '2024-05-30 19:46:02', '2024-06-01 19:46:02', N'Thẻ tín dụng', N'Thanh toán tiền thuê xe cho đối tác theo hợp đồng.', 'TV006', 46);
INSERT INTO hoa_don_doi_tac (id, tong_tien, ngay_bat_dau, ngay_ket_thuc, ngay_thanh_toan, phuong_thuc_thanh_toan, ghi_chu, nhan_vien_id, hop_dong_cho_thue_id) VALUES (30, 4799376, '2024-05-28 11:39:42', '2024-06-05 11:39:42', '2024-06-11 11:39:42', N'Thẻ tín dụng', N'Thanh toán tiền thuê xe cho đối tác theo hợp đồng.', 'TV014', 45);
INSERT INTO hoa_don_doi_tac (id, tong_tien, ngay_bat_dau, ngay_ket_thuc, ngay_thanh_toan, phuong_thuc_thanh_toan, ghi_chu, nhan_vien_id, hop_dong_cho_thue_id) VALUES (31, 1209016, '2024-03-23 02:47:08', '2024-04-08 02:47:08', '2024-04-11 02:47:08', N'Chuyển khoản', N'Thanh toán tiền thuê xe cho đối tác theo hợp đồng.', 'TV048', 18);
INSERT INTO hoa_don_doi_tac (id, tong_tien, ngay_bat_dau, ngay_ket_thuc, ngay_thanh_toan, phuong_thuc_thanh_toan, ghi_chu, nhan_vien_id, hop_dong_cho_thue_id) VALUES (32, 4437978, '2024-02-08 08:58:26', '2024-02-28 08:58:26', '2024-03-06 08:58:26', N'Tiền mặt', N'Thanh toán tiền thuê xe cho đối tác theo hợp đồng.', 'TV048', 9);
INSERT INTO hoa_don_doi_tac (id, tong_tien, ngay_bat_dau, ngay_ket_thuc, ngay_thanh_toan, phuong_thuc_thanh_toan, ghi_chu, nhan_vien_id, hop_dong_cho_thue_id) VALUES (33, 1384080, '2024-03-21 03:20:27', '2024-03-29 03:20:27', '2024-03-30 03:20:27', N'Ví điện tử', N'Thanh toán tiền thuê xe cho đối tác theo hợp đồng.', 'TV021', 9);
INSERT INTO hoa_don_doi_tac (id, tong_tien, ngay_bat_dau, ngay_ket_thuc, ngay_thanh_toan, phuong_thuc_thanh_toan, ghi_chu, nhan_vien_id, hop_dong_cho_thue_id) VALUES (34, 2694803, '2024-03-24 12:32:20', '2024-04-04 12:32:20', '2024-04-05 12:32:20', N'Chuyển khoản', N'Thanh toán tiền thuê xe cho đối tác theo hợp đồng.', 'TV021', 7);
INSERT INTO hoa_don_doi_tac (id, tong_tien, ngay_bat_dau, ngay_ket_thuc, ngay_thanh_toan, phuong_thuc_thanh_toan, ghi_chu, nhan_vien_id, hop_dong_cho_thue_id) VALUES (35, 1137794, '2024-06-18 16:31:54', '2024-07-11 16:31:54', '2024-07-18 16:31:54', N'Ví điện tử', N'Thanh toán tiền thuê xe cho đối tác theo hợp đồng.', 'TV021', 27);
INSERT INTO hoa_don_doi_tac (id, tong_tien, ngay_bat_dau, ngay_ket_thuc, ngay_thanh_toan, phuong_thuc_thanh_toan, ghi_chu, nhan_vien_id, hop_dong_cho_thue_id) VALUES (36, 3349965, '2024-04-28 12:57:00', '2024-05-14 12:57:00', '2024-05-20 12:57:00', N'Thẻ tín dụng', N'Thanh toán tiền thuê xe cho đối tác theo hợp đồng.', 'TV048', 9);
INSERT INTO hoa_don_doi_tac (id, tong_tien, ngay_bat_dau, ngay_ket_thuc, ngay_thanh_toan, phuong_thuc_thanh_toan, ghi_chu, nhan_vien_id, hop_dong_cho_thue_id) VALUES (37, 3956974, '2024-04-13 05:37:01', '2024-04-23 05:37:01', '2024-04-24 05:37:01', N'Ví điện tử', N'Thanh toán tiền thuê xe cho đối tác theo hợp đồng.', 'TV038', 24);
INSERT INTO hoa_don_doi_tac (id, tong_tien, ngay_bat_dau, ngay_ket_thuc, ngay_thanh_toan, phuong_thuc_thanh_toan, ghi_chu, nhan_vien_id, hop_dong_cho_thue_id) VALUES (38, 1710189, '2024-05-12 12:38:48', '2024-05-26 12:38:48', '2024-05-28 12:38:48', N'Chuyển khoản', N'Thanh toán tiền thuê xe cho đối tác theo hợp đồng.', 'TV041', 39);
INSERT INTO hoa_don_doi_tac (id, tong_tien, ngay_bat_dau, ngay_ket_thuc, ngay_thanh_toan, phuong_thuc_thanh_toan, ghi_chu, nhan_vien_id, hop_dong_cho_thue_id) VALUES (39, 1092033, '2024-03-14 17:14:39', '2024-04-01 17:14:39', '2024-04-04 17:14:39', N'Ví điện tử', N'Thanh toán tiền thuê xe cho đối tác theo hợp đồng.', 'TV041', 15);
INSERT INTO hoa_don_doi_tac (id, tong_tien, ngay_bat_dau, ngay_ket_thuc, ngay_thanh_toan, phuong_thuc_thanh_toan, ghi_chu, nhan_vien_id, hop_dong_cho_thue_id) VALUES (40, 3215016, '2024-03-12 14:02:43', '2024-03-25 14:02:43', '2024-03-27 14:02:43', N'Chuyển khoản', N'Thanh toán tiền thuê xe cho đối tác theo hợp đồng.', 'TV014', 5);
INSERT INTO hoa_don_doi_tac (id, tong_tien, ngay_bat_dau, ngay_ket_thuc, ngay_thanh_toan, phuong_thuc_thanh_toan, ghi_chu, nhan_vien_id, hop_dong_cho_thue_id) VALUES (41, 3895640, '2024-03-09 20:20:51', '2024-03-22 20:20:51', '2024-03-26 20:20:51', N'Tiền mặt', N'Thanh toán tiền thuê xe cho đối tác theo hợp đồng.', 'TV006', 1);
INSERT INTO hoa_don_doi_tac (id, tong_tien, ngay_bat_dau, ngay_ket_thuc, ngay_thanh_toan, phuong_thuc_thanh_toan, ghi_chu, nhan_vien_id, hop_dong_cho_thue_id) VALUES (42, 4593258, '2024-06-17 04:28:49', '2024-07-02 04:28:49', '2024-07-05 04:28:49', N'Tiền mặt', N'Thanh toán tiền thuê xe cho đối tác theo hợp đồng.', 'TV006', 10);
INSERT INTO hoa_don_doi_tac (id, tong_tien, ngay_bat_dau, ngay_ket_thuc, ngay_thanh_toan, phuong_thuc_thanh_toan, ghi_chu, nhan_vien_id, hop_dong_cho_thue_id) VALUES (43, 2207662, '2024-05-11 23:30:45', '2024-05-20 23:30:45', '2024-05-22 23:30:45', N'Chuyển khoản', N'Thanh toán tiền thuê xe cho đối tác theo hợp đồng.', 'TV014', 19);
INSERT INTO hoa_don_doi_tac (id, tong_tien, ngay_bat_dau, ngay_ket_thuc, ngay_thanh_toan, phuong_thuc_thanh_toan, ghi_chu, nhan_vien_id, hop_dong_cho_thue_id) VALUES (44, 3111708, '2024-04-20 10:26:45', '2024-05-16 10:26:45', '2024-05-17 10:26:45', N'Tiền mặt', N'Thanh toán tiền thuê xe cho đối tác theo hợp đồng.', 'TV044', 50);
INSERT INTO hoa_don_doi_tac (id, tong_tien, ngay_bat_dau, ngay_ket_thuc, ngay_thanh_toan, phuong_thuc_thanh_toan, ghi_chu, nhan_vien_id, hop_dong_cho_thue_id) VALUES (45, 4581935, '2024-05-03 11:02:44', '2024-05-27 11:02:44', '2024-06-01 11:02:44', N'Ví điện tử', N'Thanh toán tiền thuê xe cho đối tác theo hợp đồng.', 'TV044', 22);
INSERT INTO hoa_don_doi_tac (id, tong_tien, ngay_bat_dau, ngay_ket_thuc, ngay_thanh_toan, phuong_thuc_thanh_toan, ghi_chu, nhan_vien_id, hop_dong_cho_thue_id) VALUES (46, 1380262, '2024-06-24 19:38:52', '2024-07-04 19:38:52', '2024-07-09 19:38:52', N'Tiền mặt', N'Thanh toán tiền thuê xe cho đối tác theo hợp đồng.', 'TV041', 4);
INSERT INTO hoa_don_doi_tac (id, tong_tien, ngay_bat_dau, ngay_ket_thuc, ngay_thanh_toan, phuong_thuc_thanh_toan, ghi_chu, nhan_vien_id, hop_dong_cho_thue_id) VALUES (47, 3457222, '2024-02-10 23:55:07', '2024-02-25 23:55:07', '2024-03-03 23:55:07', N'Ví điện tử', N'Thanh toán tiền thuê xe cho đối tác theo hợp đồng.', 'TV041', 41);
INSERT INTO hoa_don_doi_tac (id, tong_tien, ngay_bat_dau, ngay_ket_thuc, ngay_thanh_toan, phuong_thuc_thanh_toan, ghi_chu, nhan_vien_id, hop_dong_cho_thue_id) VALUES (48, 2253069, '2024-06-08 17:11:27', '2024-06-29 17:11:27', '2024-07-06 17:11:27', N'Tiền mặt', N'Thanh toán tiền thuê xe cho đối tác theo hợp đồng.', 'TV041', 21);
INSERT INTO hoa_don_doi_tac (id, tong_tien, ngay_bat_dau, ngay_ket_thuc, ngay_thanh_toan, phuong_thuc_thanh_toan, ghi_chu, nhan_vien_id, hop_dong_cho_thue_id) VALUES (49, 2830745, '2024-04-04 13:48:24', '2024-05-04 13:48:24', '2024-05-06 13:48:24', N'Ví điện tử', N'Thanh toán tiền thuê xe cho đối tác theo hợp đồng.', 'TV004', 3);
INSERT INTO hoa_don_doi_tac (id, tong_tien, ngay_bat_dau, ngay_ket_thuc, ngay_thanh_toan, phuong_thuc_thanh_toan, ghi_chu, nhan_vien_id, hop_dong_cho_thue_id) VALUES (50, 4539737, '2024-05-14 13:25:39', '2024-05-31 13:25:39', '2024-06-07 13:25:39', N'Tiền mặt', N'Thanh toán tiền thuê xe cho đối tác theo hợp đồng.', 'TV027', 24);
INSERT INTO danh_sach_den (id, ngay_them, ly_do, trang_thai, khach_hang_id, quan_ly_id, hop_dong_thue_id) VALUES (1, '2024-02-17 23:47:41', N'Trả xe trễ 1 ngày', 1, 'TV031', 'TV015', 10);
INSERT INTO danh_sach_den (id, ngay_them, ly_do, trang_thai, khach_hang_id, quan_ly_id, hop_dong_thue_id) VALUES (2, '2025-05-08 14:10:34', N'Gây hư hỏng nhỏ cho xe', 2, 'TV022', 'TV039', 24);
INSERT INTO danh_sach_den (id, ngay_them, ly_do, trang_thai, khach_hang_id, quan_ly_id, hop_dong_thue_id) VALUES (3, '2024-02-01 21:31:11', N'Gây hư hỏng nhỏ cho xe', 0, 'TV012', 'TV003', 45);
INSERT INTO danh_sach_den (id, ngay_them, ly_do, trang_thai, khach_hang_id, quan_ly_id, hop_dong_thue_id) VALUES (4, '2025-05-04 15:01:25', N'Vi phạm hợp đồng sử dụng xe', 0, 'TV045', 'TV035', 33);
INSERT INTO danh_sach_den (id, ngay_them, ly_do, trang_thai, khach_hang_id, quan_ly_id, hop_dong_thue_id) VALUES (5, '2024-01-12 13:15:40', N'Trả xe trễ 1 ngày', 1, 'TV002', 'TV003', 37);
INSERT INTO danh_sach_den (id, ngay_them, ly_do, trang_thai, khach_hang_id, quan_ly_id, hop_dong_thue_id) VALUES (6, '2024-12-01 02:58:15', N'Gây hư hỏng nhỏ cho xe', 0, 'TV026', 'TV035', 21);
INSERT INTO danh_sach_den (id, ngay_them, ly_do, trang_thai, khach_hang_id, quan_ly_id, hop_dong_thue_id) VALUES (7, '2025-07-06 08:40:33', N'Không đổ đầy bình xăng khi trả xe', 1, 'TV047', 'TV015', 31);
INSERT INTO danh_sach_den (id, ngay_them, ly_do, trang_thai, khach_hang_id, quan_ly_id, hop_dong_thue_id) VALUES (8, '2024-03-05 20:04:31', N'Trả xe trễ 1 ngày', 2, 'TV017', 'TV035', 27);
INSERT INTO danh_sach_den (id, ngay_them, ly_do, trang_thai, khach_hang_id, quan_ly_id, hop_dong_thue_id) VALUES (9, '2024-04-09 13:25:03', N'Không cung cấp đủ giấy tờ cần thiết', 0, 'TV017', 'TV035', 45);
INSERT INTO danh_sach_den (id, ngay_them, ly_do, trang_thai, khach_hang_id, quan_ly_id, hop_dong_thue_id) VALUES (10, '2024-02-23 15:00:13', N'Không cung cấp đủ giấy tờ cần thiết', 2, 'TV010', 'TV039', 21);
INSERT INTO tai_san_cam_co (id, ten, loai_tai_san, gia, mo_ta, trang_thai, thoi_gian_tra, thoi_gian_nhan, hop_dong_thue_id, khach_hang_id, doi_tac_id) VALUES (1, N'Điện thoại iPhone', N'Điện thoại', 14628198, N'Tài sản thế chấp cho hợp đồng thuê xe.', 0, NULL, '2025-03-08 14:21:09', 48, 'TV017', 'TV042');
INSERT INTO tai_san_cam_co (id, ten, loai_tai_san, gia, mo_ta, trang_thai, thoi_gian_tra, thoi_gian_nhan, hop_dong_thue_id, khach_hang_id, doi_tac_id) VALUES (2, N'Chứng minh nhân dân', N'Giấy tờ tùy thân', 0, N'Tài sản thế chấp cho hợp đồng thuê xe.', 1, '2024-11-08 15:49:38', '2024-11-03 21:22:00', 25, 'TV012', 'TV011');
INSERT INTO tai_san_cam_co (id, ten, loai_tai_san, gia, mo_ta, trang_thai, thoi_gian_tra, thoi_gian_nhan, hop_dong_thue_id, khach_hang_id, doi_tac_id) VALUES (3, N'Sổ hộ khẩu', N'Giấy tờ tùy thân', 0, N'Tài sản thế chấp cho hợp đồng thuê xe.', 0, NULL, '2024-08-27 05:53:02', 44, 'TV030', 'TV011');
INSERT INTO tai_san_cam_co (id, ten, loai_tai_san, gia, mo_ta, trang_thai, thoi_gian_tra, thoi_gian_nhan, hop_dong_thue_id, khach_hang_id, doi_tac_id) VALUES (4, N'5,000,000 VNĐ', N'Giấy tờ có giá trị', 6828000, N'Tài sản thế chấp cho hợp đồng thuê xe.', 0, NULL, '2024-08-10 12:38:18', 18, 'TV028', 'TV033');
INSERT INTO tai_san_cam_co (id, ten, loai_tai_san, gia, mo_ta, trang_thai, thoi_gian_tra, thoi_gian_nhan, hop_dong_thue_id, khach_hang_id, doi_tac_id) VALUES (5, N'Giấy phép lái xe', N'Giấy tờ tùy thân', 0, N'Tài sản thế chấp cho hợp đồng thuê xe.', 1, '2025-02-17 21:47:47', '2025-02-06 18:33:49', 45, 'TV017', 'TV042');
INSERT INTO tai_san_cam_co (id, ten, loai_tai_san, gia, mo_ta, trang_thai, thoi_gian_tra, thoi_gian_nhan, hop_dong_thue_id, khach_hang_id, doi_tac_id) VALUES (6, N'Điện thoại iPhone', N'Điện thoại', 9717341, N'Tài sản thế chấp cho hợp đồng thuê xe.', 0, NULL, '2024-01-03 01:44:39', 26, 'TV045', 'TV007');
INSERT INTO tai_san_cam_co (id, ten, loai_tai_san, gia, mo_ta, trang_thai, thoi_gian_tra, thoi_gian_nhan, hop_dong_thue_id, khach_hang_id, doi_tac_id) VALUES (7, N'5,000,000 VNĐ', N'Tiền mặt', 13712564, N'Tài sản thế chấp cho hợp đồng thuê xe.', 0, NULL, '2025-04-15 20:32:12', 4, 'TV026', 'TV013');
INSERT INTO tai_san_cam_co (id, ten, loai_tai_san, gia, mo_ta, trang_thai, thoi_gian_tra, thoi_gian_nhan, hop_dong_thue_id, khach_hang_id, doi_tac_id) VALUES (8, N'Sổ hộ khẩu', N'Giấy tờ tùy thân', 0, N'Tài sản thế chấp cho hợp đồng thuê xe.', 0, NULL, '2024-09-09 08:50:24', 11, 'TV029', 'TV033');
INSERT INTO tai_san_cam_co (id, ten, loai_tai_san, gia, mo_ta, trang_thai, thoi_gian_tra, thoi_gian_nhan, hop_dong_thue_id, khach_hang_id, doi_tac_id) VALUES (9, N'Xe máy Honda', N'Xe máy', 36961684, N'Tài sản thế chấp cho hợp đồng thuê xe.', 0, NULL, '2024-09-10 13:53:51', 4, 'TV022', 'TV037');
INSERT INTO tai_san_cam_co (id, ten, loai_tai_san, gia, mo_ta, trang_thai, thoi_gian_tra, thoi_gian_nhan, hop_dong_thue_id, khach_hang_id, doi_tac_id) VALUES (10, N'5,000,000 VNĐ', N'Giấy tờ có giá trị', 6685636, N'Tài sản thế chấp cho hợp đồng thuê xe.', 0, NULL, '2024-02-07 06:40:47', 8, 'TV020', 'TV007');
INSERT INTO tai_san_cam_co (id, ten, loai_tai_san, gia, mo_ta, trang_thai, thoi_gian_tra, thoi_gian_nhan, hop_dong_thue_id, khach_hang_id, doi_tac_id) VALUES (11, N'5,000,000 VNĐ', N'Giấy tờ tùy thân', 18461879, N'Tài sản thế chấp cho hợp đồng thuê xe.', 1, '2024-11-11 19:57:59', '2024-11-03 08:10:14', 19, 'TV017', 'TV037');
INSERT INTO tai_san_cam_co (id, ten, loai_tai_san, gia, mo_ta, trang_thai, thoi_gian_tra, thoi_gian_nhan, hop_dong_thue_id, khach_hang_id, doi_tac_id) VALUES (12, N'Sổ hộ khẩu', N'Giấy tờ tùy thân', 0, N'Tài sản thế chấp cho hợp đồng thuê xe.', 0, NULL, '2024-04-23 23:50:06', 16, 'TV019', 'TV036');
INSERT INTO tai_san_cam_co (id, ten, loai_tai_san, gia, mo_ta, trang_thai, thoi_gian_tra, thoi_gian_nhan, hop_dong_thue_id, khach_hang_id, doi_tac_id) VALUES (13, N'Giấy phép lái xe', N'Giấy tờ tùy thân', 0, N'Tài sản thế chấp cho hợp đồng thuê xe.', 1, '2025-04-11 01:59:03', '2025-04-10 08:20:47', 47, 'TV045', 'TV042');
INSERT INTO tai_san_cam_co (id, ten, loai_tai_san, gia, mo_ta, trang_thai, thoi_gian_tra, thoi_gian_nhan, hop_dong_thue_id, khach_hang_id, doi_tac_id) VALUES (14, N'Giấy phép lái xe', N'Giấy tờ tùy thân', 0, N'Tài sản thế chấp cho hợp đồng thuê xe.', 0, NULL, '2024-11-30 07:45:54', 13, 'TV008', 'TV036');
INSERT INTO tai_san_cam_co (id, ten, loai_tai_san, gia, mo_ta, trang_thai, thoi_gian_tra, thoi_gian_nhan, hop_dong_thue_id, khach_hang_id, doi_tac_id) VALUES (15, N'Giấy phép lái xe', N'Giấy tờ tùy thân', 0, N'Tài sản thế chấp cho hợp đồng thuê xe.', 0, NULL, '2024-11-11 21:06:33', 32, 'TV018', 'TV023');
INSERT INTO tai_san_cam_co (id, ten, loai_tai_san, gia, mo_ta, trang_thai, thoi_gian_tra, thoi_gian_nhan, hop_dong_thue_id, khach_hang_id, doi_tac_id) VALUES (16, N'5,000,000 VNĐ', N'Tiền mặt', 36101737, N'Tài sản thế chấp cho hợp đồng thuê xe.', 1, '2024-06-13 14:39:27', '2024-06-11 01:22:17', 24, 'TV050', 'TV036');
INSERT INTO tai_san_cam_co (id, ten, loai_tai_san, gia, mo_ta, trang_thai, thoi_gian_tra, thoi_gian_nhan, hop_dong_thue_id, khach_hang_id, doi_tac_id) VALUES (17, N'Điện thoại iPhone', N'Điện thoại', 15186814, N'Tài sản thế chấp cho hợp đồng thuê xe.', 1, '2024-11-30 11:57:47', '2024-11-29 16:02:36', 12, 'TV018', 'TV013');
INSERT INTO tai_san_cam_co (id, ten, loai_tai_san, gia, mo_ta, trang_thai, thoi_gian_tra, thoi_gian_nhan, hop_dong_thue_id, khach_hang_id, doi_tac_id) VALUES (18, N'5,000,000 VNĐ', N'Điện thoại', 16392903, N'Tài sản thế chấp cho hợp đồng thuê xe.', 1, '2024-05-24 16:34:17', '2024-05-24 11:06:25', 42, 'TV050', 'TV036');
INSERT INTO tai_san_cam_co (id, ten, loai_tai_san, gia, mo_ta, trang_thai, thoi_gian_tra, thoi_gian_nhan, hop_dong_thue_id, khach_hang_id, doi_tac_id) VALUES (19, N'Sổ hộ khẩu', N'Giấy tờ tùy thân', 0, N'Tài sản thế chấp cho hợp đồng thuê xe.', 0, NULL, '2024-04-12 14:42:31', 29, 'TV046', 'TV033');
INSERT INTO tai_san_cam_co (id, ten, loai_tai_san, gia, mo_ta, trang_thai, thoi_gian_tra, thoi_gian_nhan, hop_dong_thue_id, khach_hang_id, doi_tac_id) VALUES (20, N'Chứng minh nhân dân', N'Giấy tờ tùy thân', 0, N'Tài sản thế chấp cho hợp đồng thuê xe.', 0, NULL, '2024-07-01 07:10:21', 41, 'TV022', 'TV013');
INSERT INTO tai_san_cam_co (id, ten, loai_tai_san, gia, mo_ta, trang_thai, thoi_gian_tra, thoi_gian_nhan, hop_dong_thue_id, khach_hang_id, doi_tac_id) VALUES (21, N'5,000,000 VNĐ', N'Điện thoại', 34217043, N'Tài sản thế chấp cho hợp đồng thuê xe.', 0, NULL, '2024-09-21 15:14:06', 26, 'TV032', 'TV042');
INSERT INTO tai_san_cam_co (id, ten, loai_tai_san, gia, mo_ta, trang_thai, thoi_gian_tra, thoi_gian_nhan, hop_dong_thue_id, khach_hang_id, doi_tac_id) VALUES (22, N'5,000,000 VNĐ', N'Giấy tờ tùy thân', 2024511, N'Tài sản thế chấp cho hợp đồng thuê xe.', 0, NULL, '2024-03-26 06:45:22', 1, 'TV010', 'TV042');
INSERT INTO tai_san_cam_co (id, ten, loai_tai_san, gia, mo_ta, trang_thai, thoi_gian_tra, thoi_gian_nhan, hop_dong_thue_id, khach_hang_id, doi_tac_id) VALUES (23, N'5,000,000 VNĐ', N'Giấy tờ có giá trị', 1547447, N'Tài sản thế chấp cho hợp đồng thuê xe.', 0, NULL, '2024-04-17 15:39:35', 3, 'TV020', 'TV042');
INSERT INTO tai_san_cam_co (id, ten, loai_tai_san, gia, mo_ta, trang_thai, thoi_gian_tra, thoi_gian_nhan, hop_dong_thue_id, khach_hang_id, doi_tac_id) VALUES (24, N'Xe máy Honda', N'Xe máy', 16903792, N'Tài sản thế chấp cho hợp đồng thuê xe.', 0, NULL, '2024-04-05 11:34:05', 11, 'TV018', 'TV011');
INSERT INTO tai_san_cam_co (id, ten, loai_tai_san, gia, mo_ta, trang_thai, thoi_gian_tra, thoi_gian_nhan, hop_dong_thue_id, khach_hang_id, doi_tac_id) VALUES (25, N'Giấy phép lái xe', N'Giấy tờ tùy thân', 0, N'Tài sản thế chấp cho hợp đồng thuê xe.', 1, '2025-01-22 12:15:10', '2025-01-12 17:23:47', 48, 'TV012', 'TV042');
INSERT INTO tai_san_cam_co (id, ten, loai_tai_san, gia, mo_ta, trang_thai, thoi_gian_tra, thoi_gian_nhan, hop_dong_thue_id, khach_hang_id, doi_tac_id) VALUES (26, N'Chứng minh nhân dân', N'Giấy tờ tùy thân', 0, N'Tài sản thế chấp cho hợp đồng thuê xe.', 1, '2025-01-25 09:41:36', '2025-01-16 12:11:53', 33, 'TV034', 'TV033');
INSERT INTO tai_san_cam_co (id, ten, loai_tai_san, gia, mo_ta, trang_thai, thoi_gian_tra, thoi_gian_nhan, hop_dong_thue_id, khach_hang_id, doi_tac_id) VALUES (27, N'Sổ hộ khẩu', N'Giấy tờ tùy thân', 0, N'Tài sản thế chấp cho hợp đồng thuê xe.', 1, '2025-05-25 10:57:46', '2025-05-21 10:18:27', 13, 'TV030', 'TV025');
INSERT INTO tai_san_cam_co (id, ten, loai_tai_san, gia, mo_ta, trang_thai, thoi_gian_tra, thoi_gian_nhan, hop_dong_thue_id, khach_hang_id, doi_tac_id) VALUES (28, N'Điện thoại iPhone', N'Điện thoại', 15056310, N'Tài sản thế chấp cho hợp đồng thuê xe.', 1, '2024-08-26 04:17:37', '2024-08-22 22:02:11', 29, 'TV018', 'TV011');
INSERT INTO tai_san_cam_co (id, ten, loai_tai_san, gia, mo_ta, trang_thai, thoi_gian_tra, thoi_gian_nhan, hop_dong_thue_id, khach_hang_id, doi_tac_id) VALUES (29, N'Giấy phép lái xe', N'Giấy tờ tùy thân', 0, N'Tài sản thế chấp cho hợp đồng thuê xe.', 0, NULL, '2024-06-10 18:46:14', 6, 'TV026', 'TV025');
INSERT INTO tai_san_cam_co (id, ten, loai_tai_san, gia, mo_ta, trang_thai, thoi_gian_tra, thoi_gian_nhan, hop_dong_thue_id, khach_hang_id, doi_tac_id) VALUES (30, N'Giấy phép lái xe', N'Giấy tờ tùy thân', 0, N'Tài sản thế chấp cho hợp đồng thuê xe.', 1, '2025-01-10 11:55:58', '2025-01-10 01:37:33', 23, 'TV020', 'TV036');
SET FOREIGN_KEY_CHECKS = 1;